subscriber,turbo,similarity,word_count,word_variety,emote_count,emote_variety,ban
1,0,0.0,5,0.4,4,0.25,0
1,0,0.0,1,1.0,0,1.0,0
1,0,0.0,1,1.0,0,1.0,0
1,0,0.0,17,1.0,0,1.0,0
1,0,0.0,3,1.0,0,1.0,0
1,0,0.0,6,1.0,1,1.0,0
1,0,0.0,1,1.0,1,1.0,0
1,0,0.0,1,1.0,0,1.0,0
1,0,0.0,7,1.0,0,1.0,0
1,0,0.0,4,1.0,0,1.0,0
1,0,0.0,1,1.0,0,1.0,0
1,0,0.0,1,1.0,0,1.0,0
1,0,0.0,8,1.0,0,1.0,0
1,0,0.0,1,1.0,0,1.0,0
1,0,0.0,2,1.0,0,1.0,0
1,0,0.0,1,1.0,0,1.0,0
1,0,0.0,1,1.0,0,1.0,0
1,0,0.0,1,1.0,0,1.0,0
1,0,0.0,1,1.0,1,1.0,0
1,0,0.0,1,1.0,0,1.0,0
1,0,0.0,1,1.0,0,1.0,0
1,0,0.0,1,1.0,0,1.0,0
1,0,0.0,1,1.0,0,1.0,0
1,0,0.2807017543859649,5,1.0,1,1.0,0
1,0,0.15384615384615385,1,1.0,0,1.0,0
1,0,0.0,1,1.0,0,1.0,0
1,0,0.2978723404255319,5,1.0,0,1.0,0
1,0,0.0,1,1.0,0,1.0,0
1,0,0.0,1,1.0,1,1.0,0
1,0,0.0,1,1.0,0,1.0,0
1,0,0.0,1,1.0,0,1.0,0
1,0,0.0,1,1.0,0,1.0,0
1,0,0.0,1,1.0,1,1.0,0
1,0,0.19047619047619047,9,0.8888888888888888,1,1.0,0
1,0,0.0,1,1.0,0,1.0,0
0,0,0.0,3,1.0,0,1.0,0
0,0,0.0,1,1.0,1,1.0,0
0,0,0.0,1,1.0,1,1.0,0
0,0,0.0,2,1.0,0,1.0,0
1,0,0.0,1,1.0,0,1.0,0
0,0,0.0,2,1.0,2,1.0,0
0,0,0.0,2,1.0,0,1.0,0
1,0,0.0,3,1.0,0,1.0,0
1,0,0.0,4,1.0,0,1.0,0
0,0,0.0,1,1.0,0,1.0,0
1,0,0.17391304347826086,2,1.0,0,1.0,0
1,0,0.0,1,1.0,0,1.0,0
0,0,0.0,2,1.0,0,1.0,0
1,0,0.0,3,1.0,0,1.0,0
0,0,0.0,1,1.0,0,1.0,0
0,0,0.0,4,1.0,1,1.0,0
1,0,0.0,1,1.0,1,1.0,0
0,0,0.0,5,1.0,0,1.0,0
0,0,0.0,3,1.0,1,1.0,0
0,0,0.0,2,1.0,2,1.0,0
0,0,0.0,4,1.0,0,1.0,0
0,0,0.0,1,1.0,0,1.0,0
0,0,0.0,2,1.0,1,1.0,0
1,1,0.0,2,1.0,2,1.0,0
1,0,1.0,1,1.0,0,1.0,0
1,1,0.0,2,1.0,0,1.0,0
0,0,0.0,9,0.3333333333333333,0,1.0,0
0,0,0.0,1,1.0,0,1.0,0
0,0,0.0,2,1.0,2,1.0,0
0,0,0.0,3,0.3333333333333333,3,0.3333333333333333,0
0,0,0.0,1,1.0,0,1.0,0
0,0,0.8666666666666667,2,1.0,2,1.0,0
0,0,0.0,1,1.0,1,1.0,0
0,0,0.0,1,1.0,0,1.0,0
0,0,0.0,2,1.0,0,1.0,0
0,0,0.0,1,1.0,0,1.0,0
1,0,0.3076923076923077,1,1.0,0,1.0,0
0,0,0.0,1,1.0,0,1.0,0
0,0,0.0,4,1.0,0,1.0,0
0,1,0.0,4,1.0,0,1.0,0
0,0,0.0,4,1.0,0,1.0,0
1,0,0.0,1,1.0,0,1.0,0
1,0,0.0,2,1.0,0,1.0,0
1,0,0.0,1,1.0,0,1.0,0
0,0,0.0,2,1.0,0,1.0,0
0,0,0.0,6,1.0,0,1.0,0
0,0,0.0,1,1.0,0,1.0,0
0,0,0.0,1,1.0,1,1.0,0
0,0,0.0,1,1.0,1,1.0,0
0,0,0.0,1,1.0,1,1.0,0
0,0,0.0,4,1.0,0,1.0,0
1,0,0.2,4,1.0,0,1.0,0
0,0,0.0,2,1.0,0,1.0,0
0,0,0.0,3,1.0,0,1.0,0
0,0,0.0,2,1.0,2,1.0,0
0,0,0.8666666666666667,2,1.0,2,1.0,0
0,0,0.0,1,1.0,0,1.0,0
1,1,0.8666666666666667,2,1.0,2,1.0,0
0,0,0.25,2,1.0,0,1.0,0
0,0,0.0,4,1.0,0,1.0,0
0,0,0.0,1,1.0,0,1.0,0
0,0,0.0,2,1.0,0,1.0,0
0,0,0.8666666666666667,2,1.0,2,1.0,0
1,0,0.0,1,1.0,0,1.0,0
0,0,0.0,3,1.0,0,1.0,0
0,0,0.0,1,1.0,0,1.0,0
0,0,0.0,2,0.5,2,0.5,0
0,0,0.0,5,1.0,0,1.0,0
0,0,0.0,1,1.0,0,1.0,0
0,0,0.0,3,0.6666666666666666,0,1.0,0
0,0,0.0,2,1.0,2,1.0,0
0,0,0.8666666666666667,2,1.0,2,1.0,0
0,0,0.0,1,1.0,0,1.0,0
0,0,0.0,2,1.0,0,1.0,0
0,0,0.0,1,1.0,0,1.0,0
0,0,0.95,5,1.0,0,1.0,0
1,0,0.10526315789473684,2,1.0,2,1.0,0
0,0,0.0,3,0.6666666666666666,0,1.0,0
0,0,0.0,1,1.0,0,1.0,0
1,0,0.34782608695652173,2,1.0,0,1.0,0
1,0,0.0,1,1.0,0,1.0,0
1,1,0.72,1,1.0,0,1.0,0
0,0,0.0,5,1.0,0,1.0,0
0,0,0.5454545454545454,1,1.0,0,1.0,0
0,0,0.0,1,1.0,0,1.0,0
0,0,0.0,9,1.0,0,1.0,0
0,0,0.0,5,1.0,0,1.0,0
1,0,0.0,5,0.4,5,0.4,0
1,0,0.125,4,0.25,4,0.25,0
1,0,0.0,1,1.0,0,1.0,0
0,0,0.0,2,1.0,0,1.0,0
0,0,0.0,1,1.0,0,1.0,0
0,0,0.0,1,1.0,0,1.0,0
0,0,0.0,1,1.0,0,1.0,0
1,0,0.0,1,1.0,0,1.0,0
1,0,0.2,1,1.0,0,1.0,0
1,0,0.0,1,1.0,0,1.0,0
1,0,0.0,1,1.0,0,1.0,0
0,0,0.0,1,1.0,0,1.0,0
1,0,0.8181818181818182,2,1.0,0,1.0,0
0,0,0.0,2,1.0,2,1.0,0
0,0,0.0,1,1.0,0,1.0,0
1,0,0.0,1,1.0,0,1.0,0
0,0,0.0,2,1.0,2,1.0,0
0,0,0.0,3,1.0,0,1.0,0
1,0,0.0,1,1.0,0,1.0,0
0,0,0.08695652173913043,2,1.0,0,1.0,0
0,0,0.0,1,1.0,1,1.0,0
0,0,0.0,1,1.0,0,1.0,0
0,0,0.5714285714285714,2,1.0,0,1.0,0
0,0,0.0,1,1.0,0,1.0,0
0,1,0.0,1,1.0,0,1.0,0
0,0,0.0,2,1.0,1,1.0,0
0,0,0.0,2,1.0,2,1.0,0
0,0,0.0,2,1.0,0,1.0,0
0,0,0.0,1,1.0,0,1.0,0
0,0,0.0,1,1.0,1,1.0,0
0,0,0.0,2,1.0,1,1.0,0
0,0,0.0,1,1.0,0,1.0,0
0,0,0.0,3,1.0,0,1.0,0
1,0,0.8571428571428571,9,0.8888888888888888,1,1.0,0
0,0,0.0,1,1.0,0,1.0,0
0,0,0.0,1,1.0,0,1.0,0
0,0,0.19047619047619047,2,1.0,0,1.0,0
1,0,0.8376068376068376,9,0.8888888888888888,1,1.0,0
0,0,0.0,1,1.0,0,1.0,0
0,0,0.0,1,1.0,0,1.0,0
1,0,0.0,1,1.0,1,1.0,0
0,0,0.0,1,1.0,1,1.0,0
0,0,0.0,2,1.0,0,1.0,0
0,0,0.0,1,1.0,0,1.0,0
0,0,0.8666666666666667,2,1.0,2,1.0,0
1,0,0.0,4,1.0,1,1.0,0
0,0,0.0,3,0.3333333333333333,3,0.3333333333333333,0
1,0,0.0,2,1.0,0,1.0,0
1,0,0.0,1,1.0,0,1.0,0
0,0,0.0,1,1.0,0,1.0,0
0,0,0.0,1,1.0,1,1.0,0
0,0,0.0,1,1.0,0,1.0,0
0,0,0.09523809523809523,1,1.0,0,1.0,0
1,0,0.0,8,1.0,0,1.0,0
0,1,0.0,6,1.0,0,1.0,0
0,0,0.08695652173913043,2,1.0,0,1.0,0
0,0,0.8,2,1.0,0,1.0,0
0,0,0.0,1,1.0,1,1.0,0
0,0,0.0,1,1.0,0,1.0,0
1,0,0.0,1,1.0,0,1.0,0
0,0,0.0,2,1.0,2,1.0,0
0,0,0.0,7,1.0,0,1.0,0
1,0,0.0,1,1.0,1,1.0,0
0,0,0.6956521739130435,2,1.0,1,1.0,0
0,0,0.0,1,1.0,0,1.0,0
0,0,0.0,1,1.0,1,1.0,0
0,0,0.0,1,1.0,0,1.0,0
0,0,0.0,1,1.0,0,1.0,0
0,0,0.0,2,1.0,0,1.0,0
0,0,0.0,2,1.0,2,1.0,0
0,0,0.0,1,1.0,0,1.0,0
0,0,0.0,3,1.0,0,1.0,0
1,0,0.3357664233576642,12,1.0,0,1.0,0
1,0,0.6666666666666666,2,1.0,0,1.0,0
0,0,0.23076923076923078,1,1.0,1,1.0,0
0,0,0.0,1,1.0,1,1.0,0
0,0,0.07407407407407407,1,1.0,0,1.0,0
0,0,0.0,4,1.0,0,1.0,0
0,0,0.0,2,1.0,2,1.0,0
1,0,0.0,1,1.0,0,1.0,0
1,0,0.0,1,1.0,0,1.0,0
0,0,0.0,1,1.0,0,1.0,0
0,0,0.6551724137931034,4,0.5,4,0.5,0
0,0,0.0,1,1.0,0,1.0,0
0,0,0.18181818181818182,2,1.0,0,1.0,0
0,0,0.47368421052631576,3,0.3333333333333333,0,1.0,0
0,0,0.0,4,1.0,3,1.0,0
0,0,0.0,1,1.0,0,1.0,0
1,0,0.40875912408759124,11,1.0,0,1.0,0
0,0,0.8181818181818182,2,1.0,2,1.0,0
1,0,0.3076923076923077,1,1.0,1,1.0,0
0,0,0.6428571428571429,2,1.0,0,1.0,0
0,0,0.0,1,1.0,0,1.0,0
0,0,0.0,1,1.0,0,1.0,0
0,0,0.0,5,0.2,5,0.2,0
1,0,0.4444444444444444,3,0.3333333333333333,0,1.0,0
1,0,0.2,1,1.0,0,1.0,0
0,0,0.01384083044982699,25,0.04,25,0.04,0
0,0,0.0,4,1.0,0,1.0,0
0,0,0.01384083044982699,25,0.04,25,0.04,1
0,0,0.01384083044982699,25,0.04,25,0.04,1
1,0,0.0,1,1.0,0,1.0,0
0,0,0.0,2,1.0,0,1.0,0
1,0,0.0,1,1.0,0,1.0,0
1,0,0.0,1,1.0,1,1.0,0
0,0,0.5217391304347826,3,1.0,0,1.0,0
1,0,0.0,1,1.0,0,1.0,1
0,0,0.0,2,1.0,0,1.0,0
1,0,0.0,1,1.0,0,1.0,1
0,0,0.0,1,1.0,0,1.0,0
0,0,0.0,1,1.0,0,1.0,0
1,0,0.9032258064516129,11,1.0,0,1.0,0
1,0,0.06060606060606061,2,1.0,0,1.0,0
0,0,0.5217391304347826,3,1.0,0,1.0,0
0,0,0.0,1,1.0,0,1.0,0
1,0,0.0,2,1.0,0,1.0,0
0,0,0.21052631578947367,1,1.0,0,1.0,0
1,0,0.0,4,1.0,0,1.0,0
0,0,0.0,1,1.0,1,1.0,0
0,0,0.0,3,1.0,0,1.0,0
1,0,0.23529411764705882,1,1.0,0,1.0,0
0,0,0.0,1,1.0,1,1.0,0
0,0,0.875,1,1.0,0,1.0,0
1,0,0.0,1,1.0,0,1.0,0
0,0,0.0,1,1.0,0,1.0,0
0,0,0.0,1,1.0,0,1.0,0
1,0,0.5,1,1.0,0,1.0,0
0,0,0.0,1,1.0,0,1.0,0
0,0,0.0,2,1.0,2,1.0,0
1,0,0.0,1,1.0,0,1.0,0
0,0,0.0,1,1.0,0,1.0,0
0,0,0.0,1,1.0,0,1.0,0
0,0,0.0,1,1.0,0,1.0,0
1,0,0.0,1,1.0,0,1.0,0
0,0,0.0,1,1.0,0,1.0,0
1,0,0.0,1,1.0,0,1.0,0
1,0,0.0,1,1.0,1,1.0,0
0,0,0.8181818181818182,2,1.0,2,1.0,0
0,0,0.0,2,1.0,2,1.0,0
1,0,0.0,1,1.0,0,1.0,0
0,0,0.0,1,1.0,0,1.0,0
1,0,0.0,1,1.0,0,1.0,0
0,0,0.0,2,1.0,0,1.0,0
0,0,0.0,1,1.0,0,1.0,0
1,0,0.0,1,1.0,0,1.0,0
1,0,0.13333333333333333,1,1.0,0,1.0,0
1,0,0.0,1,1.0,0,1.0,0
0,0,0.0,1,1.0,0,1.0,0
0,0,0.0,1,1.0,0,1.0,0
0,0,0.0,1,1.0,0,1.0,0
0,0,0.0,1,1.0,0,1.0,0
0,0,0.125,1,1.0,0,1.0,0
0,0,0.13333333333333333,1,1.0,0,1.0,0
0,0,0.0,1,1.0,0,1.0,0
0,0,0.1,1,1.0,0,1.0,0
0,0,0.0,1,1.0,0,1.0,0
0,0,0.0,1,1.0,0,1.0,0
0,0,0.0,1,1.0,0,1.0,0
0,0,0.0,4,1.0,1,1.0,0
0,0,0.0,1,1.0,0,1.0,0
0,0,0.0,1,1.0,0,1.0,0
0,0,0.0,1,1.0,0,1.0,0
1,0,0.0,1,1.0,0,1.0,0
0,0,0.0,1,1.0,0,1.0,0
0,0,0.0,1,1.0,0,1.0,0
0,0,0.19047619047619047,1,1.0,0,1.0,0
0,0,0.2,1,1.0,0,1.0,0
0,0,0.0,3,1.0,0,1.0,0
0,0,0.10526315789473684,2,1.0,0,1.0,0
0,0,0.0,1,1.0,0,1.0,0
0,0,0.0,1,1.0,0,1.0,0
1,0,0.0,1,1.0,0,1.0,0
0,0,0.0,1,1.0,0,1.0,0
0,0,0.0,1,1.0,0,1.0,0
1,0,0.0,1,1.0,0,1.0,0
1,0,0.0,1,1.0,0,1.0,0
0,0,0.0,2,1.0,0,1.0,0
0,0,0.0,1,1.0,0,1.0,0
0,0,0.0,1,1.0,0,1.0,0
0,0,0.0,1,1.0,0,1.0,0
0,0,0.0,2,1.0,0,1.0,0
0,0,0.0,1,1.0,0,1.0,0
0,0,0.0,1,1.0,0,1.0,0
0,0,0.0,2,1.0,0,1.0,0
1,0,0.3055555555555556,12,0.9166666666666666,1,1.0,0
1,0,0.0,1,1.0,0,1.0,0
0,0,0.23529411764705882,1,1.0,0,1.0,0
1,0,0.0,1,1.0,0,1.0,0
0,0,0.0,1,1.0,0,1.0,0
0,0,0.13333333333333333,1,1.0,0,1.0,0
0,0,0.08,1,1.0,0,1.0,0
1,0,0.13333333333333333,1,1.0,1,1.0,0
1,0,0.14814814814814814,1,1.0,0,1.0,0
0,0,0.0,1,1.0,0,1.0,0
0,0,0.19047619047619047,1,1.0,0,1.0,0
0,0,0.0,1,1.0,0,1.0,0
1,0,0.0,1,1.0,0,1.0,0
1,0,0.10526315789473684,3,1.0,0,1.0,0
0,0,0.0,1,1.0,0,1.0,0
1,0,0.0,1,1.0,0,1.0,0
0,0,0.0,1,1.0,0,1.0,0
1,0,0.0,1,1.0,0,1.0,0
1,0,0.5,2,1.0,0,1.0,0
1,0,0.13333333333333333,1,1.0,0,1.0,0
1,0,0.0,1,1.0,0,1.0,0
0,0,0.75,2,1.0,0,1.0,0
0,0,0.7142857142857143,1,1.0,0,1.0,0
0,0,0.0,1,1.0,0,1.0,0
0,0,0.10810810810810811,4,1.0,0,1.0,0
1,0,0.0,3,0.3333333333333333,3,0.3333333333333333,0
1,0,0.0,1,1.0,0,1.0,0
0,0,0.0,1,1.0,0,1.0,0
1,0,0.0,1,1.0,0,1.0,0
0,0,0.08333333333333333,1,1.0,0,1.0,0
0,0,0.18181818181818182,1,1.0,0,1.0,0
0,0,0.0,1,1.0,0,1.0,0
0,0,0.21052631578947367,1,1.0,0,1.0,0
0,0,0.12121212121212122,4,1.0,0,1.0,0
0,0,0.0,1,1.0,0,1.0,0
0,0,0.0,1,1.0,0,1.0,0
1,0,0.0,1,1.0,0,1.0,0
0,0,0.0,1,1.0,1,1.0,0
0,0,0.0,1,1.0,0,1.0,0
0,0,0.0,1,1.0,0,1.0,0
0,0,0.8571428571428571,2,1.0,0,1.0,0
1,0,0.14285714285714285,1,1.0,0,1.0,0
0,0,0.0,1,1.0,1,1.0,0
0,0,0.0,3,1.0,0,1.0,0
1,0,0.2,1,1.0,0,1.0,0
0,0,0.1,1,1.0,0,1.0,0
0,0,0.7142857142857143,1,1.0,0,1.0,0
0,0,0.0,1,1.0,0,1.0,0
1,0,0.48,4,1.0,0,1.0,0
1,0,0.0,2,1.0,0,1.0,0
0,0,0.21052631578947367,1,1.0,0,1.0,0
1,0,0.0,1,1.0,0,1.0,0
1,0,0.0,1,1.0,1,1.0,0
1,0,0.8333333333333334,1,1.0,0,1.0,0
0,0,0.0,2,1.0,0,1.0,0
1,0,0.0,1,1.0,0,1.0,0
0,0,0.0,1,1.0,0,1.0,0
0,0,0.0,1,1.0,0,1.0,0
0,0,0.0,1,1.0,0,1.0,0
0,0,0.0,1,1.0,0,1.0,0
0,0,0.0,2,1.0,0,1.0,0
0,0,0.0,1,1.0,0,1.0,0
1,0,0.0,1,1.0,0,1.0,0
0,0,0.0,1,1.0,0,1.0,0
0,0,0.0,1,1.0,0,1.0,0
1,0,0.13333333333333333,1,1.0,0,1.0,0
1,0,0.0,1,1.0,0,1.0,0
1,0,0.1,3,1.0,1,1.0,0
0,0,0.0,1,1.0,0,1.0,0
0,0,0.0,4,1.0,0,1.0,0
0,0,0.0,1,1.0,0,1.0,0
0,0,0.0,3,1.0,0,1.0,0
0,0,0.0,1,1.0,1,1.0,0
0,0,0.0,1,1.0,0,1.0,0
0,0,0.0,1,1.0,0,1.0,0
0,0,0.0,2,1.0,0,1.0,0
0,0,0.08,3,1.0,1,1.0,0
1,0,0.0,1,1.0,0,1.0,0
1,0,0.0,1,1.0,0,1.0,0
0,0,0.0,2,0.5,2,0.5,0
0,0,0.0,3,1.0,0,1.0,0
0,0,0.0,1,1.0,0,1.0,0
1,0,0.0,1,1.0,0,1.0,0
0,0,0.5714285714285714,1,1.0,0,1.0,0
0,0,1.0,1,1.0,1,1.0,0
0,0,0.0,1,1.0,0,1.0,0
0,0,0.0,1,1.0,0,1.0,0
1,0,0.0,1,1.0,1,1.0,0
1,0,0.0,1,1.0,0,1.0,0
0,0,0.631578947368421,3,1.0,0,1.0,0
0,0,0.0,3,1.0,0,1.0,0
0,0,0.0,3,1.0,0,1.0,0
0,0,0.0,2,1.0,0,1.0,0
0,0,0.0,1,1.0,1,1.0,0
1,0,0.46153846153846156,2,1.0,0,1.0,0
1,0,0.0,1,1.0,0,1.0,0
0,0,0.0,3,1.0,0,1.0,0
0,0,0.0,5,1.0,0,1.0,0
0,0,0.0,1,1.0,0,1.0,0
0,0,0.0,1,1.0,0,1.0,0
1,0,0.0,1,1.0,0,1.0,0
1,0,0.0,3,1.0,0,1.0,0
0,0,0.75,2,1.0,0,1.0,0
0,0,0.0,2,1.0,0,1.0,0
0,0,0.1111111111111111,2,1.0,0,1.0,0
0,0,0.0,1,1.0,0,1.0,0
0,0,0.13333333333333333,1,1.0,0,1.0,0
0,0,0.0,1,1.0,0,1.0,0
1,0,0.0,2,1.0,0,1.0,0
0,0,0.0,2,1.0,0,1.0,0
1,0,0.0,3,1.0,0,1.0,0
1,0,0.0,1,1.0,0,1.0,0
0,0,0.631578947368421,2,0.5,0,1.0,0
0,0,0.0,1,1.0,0,1.0,0
0,0,0.32098765432098764,3,1.0,0,1.0,0
1,0,0.0,1,1.0,0,1.0,0
1,0,0.1,1,1.0,0,1.0,0
0,0,0.0,1,1.0,0,1.0,0
0,0,0.0,1,1.0,0,1.0,0
0,0,0.0,1,1.0,0,1.0,0
0,0,0.0,1,1.0,0,1.0,0
0,0,0.0,1,1.0,0,1.0,0
1,0,0.0,1,1.0,0,1.0,0
0,0,0.0,6,1.0,0,1.0,0
0,0,0.0,1,1.0,0,1.0,0
0,0,0.64,1,1.0,0,1.0,0
0,0,0.0,1,1.0,0,1.0,0
0,0,0.0,1,1.0,0,1.0,0
0,0,0.0,3,1.0,0,1.0,0
0,0,0.0,1,1.0,0,1.0,0
0,0,0.0,1,1.0,0,1.0,0
0,0,0.0,2,1.0,1,1.0,0
0,0,0.2857142857142857,1,1.0,0,1.0,0
0,0,0.0,1,1.0,0,1.0,0
0,0,0.0,2,1.0,0,1.0,0
1,0,0.2,1,1.0,0,1.0,0
1,0,0.09523809523809523,3,1.0,0,1.0,0
0,0,0.0,14,0.14285714285714285,0,1.0,0
0,0,0.0,1,1.0,0,1.0,0
0,0,0.3333333333333333,1,1.0,0,1.0,0
0,0,0.0,1,1.0,0,1.0,0
0,0,0.0,2,1.0,0,1.0,0
0,1,0.0,1,1.0,0,1.0,0
0,0,0.2708333333333333,18,0.16666666666666666,0,1.0,0
0,0,0.0,1,1.0,0,1.0,0
0,1,0.0,3,1.0,0,1.0,0
1,0,0.1830065359477124,11,1.0,0,1.0,0
0,0,0.0,1,1.0,0,1.0,0
1,0,0.13333333333333333,2,1.0,1,1.0,0
1,0,0.15384615384615385,1,1.0,0,1.0,0
0,0,0.0,1,1.0,0,1.0,0
1,0,0.0,2,1.0,0,1.0,0
0,0,0.0,1,1.0,0,1.0,0
0,0,0.0,1,1.0,0,1.0,0
0,0,0.0,2,1.0,1,1.0,0
0,0,0.6956521739130435,3,1.0,0,1.0,0
0,0,0.0,1,1.0,0,1.0,0
0,0,0.0,1,1.0,0,1.0,0
0,0,0.15384615384615385,1,1.0,1,1.0,0
0,0,0.0,2,1.0,0,1.0,0
1,0,0.0,1,1.0,0,1.0,0
1,0,0.0,1,1.0,0,1.0,0
1,0,0.0,4,1.0,0,1.0,0
1,0,0.46153846153846156,3,1.0,0,1.0,0
0,0,0.0,1,1.0,0,1.0,0
0,0,0.0,2,1.0,0,1.0,0
0,0,0.0,3,1.0,0,1.0,0
0,0,0.0,1,1.0,0,1.0,0
0,0,0.0,3,1.0,0,1.0,0
0,0,0.0,5,1.0,0,1.0,0
0,0,0.0,1,1.0,0,1.0,0
0,0,0.8571428571428571,2,1.0,0,1.0,0
0,0,0.0,1,1.0,0,1.0,0
0,0,0.2,1,1.0,0,1.0,0
1,0,0.0,5,1.0,0,1.0,0
0,0,0.0,1,1.0,0,1.0,0
0,0,0.1111111111111111,3,1.0,0,1.0,0
0,0,0.0,1,1.0,0,1.0,0
1,0,0.3795620437956204,11,1.0,0,1.0,0
0,0,0.0,1,1.0,0,1.0,0
0,0,0.0,1,1.0,0,1.0,0
0,0,0.0,1,1.0,0,1.0,0
0,0,0.0,6,0.16666666666666666,0,1.0,0
0,0,0.11764705882352941,2,1.0,0,1.0,0
0,0,0.0,1,1.0,0,1.0,0
0,0,0.5454545454545454,3,1.0,1,1.0,0
1,0,0.0,4,1.0,0,1.0,0
0,1,0.25,3,0.3333333333333333,3,0.3333333333333333,0
0,0,0.7027027027027027,4,1.0,0,1.0,0
0,0,0.0,1,1.0,0,1.0,0
1,0,0.11764705882352941,3,1.0,0,1.0,0
0,0,0.14285714285714285,1,1.0,0,1.0,0
0,0,0.14285714285714285,1,1.0,0,1.0,0
0,0,0.0,2,1.0,0,1.0,0
0,0,0.0,1,1.0,0,1.0,0
0,0,0.14516129032258066,22,0.18181818181818182,0,1.0,0
0,0,0.0,1,1.0,0,1.0,0
0,0,0.0,3,0.3333333333333333,3,0.3333333333333333,0
1,0,0.047619047619047616,5,1.0,1,1.0,0
0,0,0.5263157894736842,3,1.0,0,1.0,0
0,0,0.0,1,1.0,0,1.0,0
0,0,0.0,3,1.0,0,1.0,0
1,0,0.0,1,1.0,0,1.0,0
0,0,0.9565217391304348,4,1.0,0,1.0,0
1,0,0.06896551724137931,4,1.0,0,1.0,0
0,0,0.8666666666666667,4,1.0,0,1.0,0
0,0,0.48717948717948717,2,0.5,0,1.0,0
0,0,0.0,1,1.0,0,1.0,0
1,1,0.0,8,1.0,0,1.0,0
0,0,0.17647058823529413,5,1.0,0,1.0,0
0,0,0.0,1,1.0,0,1.0,0
0,0,0.0,1,1.0,0,1.0,0
0,0,0.07042253521126761,1,1.0,1,1.0,0
1,0,0.0,1,1.0,0,1.0,0
0,0,0.26666666666666666,1,1.0,0,1.0,0
0,0,0.0,3,1.0,0,1.0,0
1,0,0.13333333333333333,1,1.0,1,1.0,0
0,0,0.21428571428571427,2,1.0,0,1.0,0
0,0,0.6666666666666666,3,1.0,0,1.0,0
0,0,0.0,2,1.0,0,1.0,0
0,1,0.0,2,1.0,0,1.0,0
1,0,0.06060606060606061,5,1.0,0,1.0,0
1,0,0.6,3,0.6666666666666666,0,1.0,0
0,0,0.0,1,1.0,0,1.0,0
0,0,0.7368421052631579,36,0.08333333333333333,0,1.0,0
0,0,0.0,10,1.0,1,1.0,0
0,0,0.7368421052631579,36,0.08333333333333333,0,1.0,1
0,0,0.0,12,0.25,0,1.0,0
0,0,0.7916666666666666,3,0.3333333333333333,0,1.0,0
1,0,0.0,2,1.0,0,1.0,0
0,0,0.7368421052631579,36,0.08333333333333333,0,1.0,1
0,0,0.26666666666666666,1,1.0,0,1.0,0
0,0,0.0,6,1.0,0,1.0,0
0,0,0.0,1,1.0,1,1.0,0
0,0,0.6086956521739131,3,1.0,0,1.0,0
0,0,0.0,1,1.0,0,1.0,0
0,0,0.37209302325581395,4,0.25,0,1.0,0
1,1,0.0,2,1.0,0,1.0,0
0,0,0.0,1,1.0,0,1.0,0
0,0,0.0,1,1.0,1,1.0,0
1,0,0.16,3,1.0,0,1.0,0
0,0,0.0,7,1.0,0,1.0,0
1,0,0.0,4,1.0,0,1.0,0
0,0,0.0,1,1.0,0,1.0,0
1,0,0.33962264150943394,10,1.0,0,1.0,0
0,0,0.0,1,1.0,0,1.0,0
0,0,0.0,3,1.0,0,1.0,0
0,0,0.0,1,1.0,0,1.0,0
0,0,0.20689655172413793,3,1.0,1,1.0,0
0,0,0.46153846153846156,3,1.0,0,1.0,0
0,0,0.0,2,1.0,1,1.0,0
1,0,0.36363636363636365,1,1.0,1,1.0,0
0,0,0.7878787878787878,4,0.75,0,1.0,0
0,0,0.08,4,1.0,0,1.0,0
0,0,0.0,3,1.0,0,1.0,0
0,0,0.6538461538461539,2,0.5,0,1.0,0
0,0,0.0,3,1.0,0,1.0,0
0,0,0.0,3,1.0,0,1.0,0
0,0,0.0,3,1.0,0,1.0,0
1,0,0.0,2,1.0,1,1.0,0
0,0,0.0,1,1.0,0,1.0,0
0,0,0.15384615384615385,2,1.0,0,1.0,0
0,0,0.4915254237288136,9,0.1111111111111111,0,1.0,0
0,0,0.0,1,1.0,0,1.0,0
0,0,0.4915254237288136,9,0.1111111111111111,0,1.0,1
1,0,0.0,2,1.0,0,1.0,0
0,0,0.0,6,1.0,0,1.0,0
0,0,0.4915254237288136,9,0.1111111111111111,0,1.0,1
1,0,0.0,1,1.0,1,1.0,0
0,0,0.0,1,1.0,1,1.0,0
0,0,0.0,3,1.0,0,1.0,0
0,0,0.0,2,1.0,0,1.0,0
0,0,0.0,1,1.0,0,1.0,0
0,0,0.0,1,1.0,0,1.0,0
1,0,0.0,1,1.0,1,1.0,0
0,0,0.0,1,1.0,0,1.0,0
0,0,0.05714285714285714,6,1.0,0,1.0,0
0,0,0.15384615384615385,1,1.0,0,1.0,0
1,0,0.0,1,1.0,1,1.0,0
1,0,0.11764705882352941,1,1.0,0,1.0,0
0,0,0.0,3,1.0,0,1.0,0
0,0,0.14285714285714285,1,1.0,0,1.0,0
0,0,0.1,8,0.25,8,0.25,0
0,0,0.19047619047619047,1,1.0,0,1.0,0
0,0,0.25,1,1.0,0,1.0,0
0,0,0.2,1,1.0,0,1.0,0
1,0,0.07692307692307693,2,1.0,1,1.0,0
0,0,0.6666666666666666,1,1.0,0,1.0,0
0,0,0.14285714285714285,1,1.0,0,1.0,0
0,0,0.2,1,1.0,0,1.0,0
0,0,0.10526315789473684,2,1.0,0,1.0,0
1,0,0.12121212121212122,2,1.0,0,1.0,0
0,0,0.0,1,1.0,0,1.0,0
0,0,0.2,1,1.0,0,1.0,0
1,0,0.05,2,1.0,1,1.0,0
0,0,0.0,1,1.0,0,1.0,0
1,0,0.2,1,1.0,0,1.0,0
0,0,0.0,1,1.0,1,1.0,0
1,0,0.0,1,1.0,0,1.0,0
1,0,0.0,1,1.0,1,1.0,0
0,0,0.08695652173913043,1,1.0,0,1.0,0
0,0,0.0,2,1.0,0,1.0,0
0,0,0.15384615384615385,1,1.0,0,1.0,0
0,0,0.2,1,1.0,0,1.0,0
1,0,0.09090909090909091,2,1.0,0,1.0,0
0,0,0.0,1,1.0,1,1.0,0
0,0,0.0,1,1.0,0,1.0,0
0,0,0.0,1,1.0,0,1.0,0
0,0,0.0,1,1.0,0,1.0,0
0,0,0.0,1,1.0,0,1.0,0
0,0,0.2,1,1.0,0,1.0,0
0,0,0.0,3,1.0,0,1.0,0
0,0,0.0,15,0.9333333333333333,0,1.0,0
0,0,0.2,1,1.0,0,1.0,0
1,0,0.14285714285714285,1,1.0,1,1.0,0
0,0,0.2,1,1.0,0,1.0,0
1,0,0.0,2,1.0,1,1.0,0
0,0,0.11764705882352941,3,1.0,0,1.0,0
0,0,0.0,7,1.0,1,1.0,0
0,0,0.19148936170212766,2,1.0,0,1.0,0
0,0,0.0,1,1.0,0,1.0,0
0,0,1.0,1,1.0,0,1.0,0
0,0,0.0,1,1.0,1,1.0,0
1,0,0.0,2,1.0,0,1.0,0
0,0,0.2,1,1.0,0,1.0,0
0,0,0.0,1,1.0,0,1.0,0
1,0,0.2,1,1.0,0,1.0,0
0,0,0.14285714285714285,1,1.0,1,1.0,0
0,1,0.2,1,1.0,0,1.0,0
0,0,0.36363636363636365,1,1.0,1,1.0,0
1,0,0.10526315789473684,1,1.0,0,1.0,0
0,0,0.5714285714285714,3,1.0,0,1.0,0
1,0,0.2962962962962963,1,1.0,1,1.0,0
0,0,0.18181818181818182,1,1.0,0,1.0,0
0,0,0.0,2,1.0,0,1.0,0
0,0,0.0,1,1.0,1,1.0,0
0,0,1.0,1,1.0,0,1.0,0
0,0,0.0,1,1.0,0,1.0,0
0,0,0.0,1,1.0,0,1.0,0
1,0,0.2222222222222222,1,1.0,0,1.0,0
0,0,0.0,7,1.0,0,1.0,0
1,0,0.0,3,1.0,0,1.0,0
0,0,0.058823529411764705,2,1.0,0,1.0,0
0,0,0.0,3,1.0,0,1.0,0
0,0,0.0,2,1.0,0,1.0,0
0,0,0.6521739130434783,4,1.0,4,1.0,0
1,0,0.07407407407407407,5,0.2,5,0.2,0
0,0,0.11764705882352941,1,1.0,0,1.0,0
0,0,0.18181818181818182,1,1.0,1,1.0,0
0,0,0.14285714285714285,1,1.0,0,1.0,0
1,0,0.0,1,1.0,0,1.0,0
0,0,1.0,1,1.0,0,1.0,0
0,0,0.2222222222222222,1,1.0,0,1.0,0
0,0,0.2,1,1.0,0,1.0,0
0,0,0.0,1,1.0,0,1.0,0
0,0,0.0,2,1.0,1,1.0,0
0,0,0.0,5,0.2,5,0.2,0
1,0,0.0,1,1.0,0,1.0,0
0,0,0.0,1,1.0,0,1.0,0
0,0,0.2222222222222222,1,1.0,0,1.0,0
0,0,0.37209302325581395,4,1.0,0,1.0,0
1,0,0.0,1,1.0,0,1.0,0
1,0,0.0,13,0.9230769230769231,1,1.0,0
1,0,0.0,1,1.0,0,1.0,0
1,0,0.19047619047619047,3,1.0,0,1.0,0
0,0,0.08333333333333333,1,1.0,0,1.0,0
0,0,0.7692307692307693,2,1.0,0,1.0,0
0,0,0.2222222222222222,1,1.0,0,1.0,0
0,0,0.0,1,1.0,0,1.0,0
0,0,0.0,1,1.0,1,1.0,0
1,0,0.0,1,1.0,0,1.0,0
0,0,0.0,1,1.0,0,1.0,0
0,0,0.1111111111111111,1,1.0,0,1.0,0
0,0,0.2,1,1.0,0,1.0,0
0,0,0.11764705882352941,2,1.0,0,1.0,0
0,0,0.0,1,1.0,0,1.0,0
0,0,0.2222222222222222,2,1.0,1,1.0,0
1,0,0.04081632653061224,1,1.0,0,1.0,0
0,0,0.12844036697247707,6,0.16666666666666666,6,0.16666666666666666,0
0,0,0.0,1,1.0,0,1.0,0
0,0,0.0,2,1.0,0,1.0,0
1,0,0.07142857142857142,1,1.0,0,1.0,0
1,0,0.0,1,1.0,0,1.0,0
0,0,0.4074074074074074,7,1.0,0,1.0,0
0,0,0.0,1,1.0,0,1.0,0
1,0,0.1875,2,1.0,0,1.0,0
0,0,0.0,1,1.0,0,1.0,0
0,0,1.0,2,1.0,2,1.0,0
0,0,0.0,1,1.0,0,1.0,0
0,0,0.0,1,1.0,0,1.0,0
0,0,0.0,1,1.0,0,1.0,0
0,0,0.2222222222222222,1,1.0,0,1.0,0
0,0,0.42857142857142855,1,1.0,1,1.0,0
0,0,0.0,3,1.0,0,1.0,0
1,0,0.0,3,1.0,0,1.0,0
0,0,0.0,1,1.0,0,1.0,0
0,0,0.18181818181818182,1,1.0,0,1.0,0
0,0,0.6428571428571429,3,1.0,0,1.0,0
0,0,0.024691358024691357,1,1.0,0,1.0,0
1,0,0.028169014084507043,1,1.0,0,1.0,0
0,0,0.0,1,1.0,0,1.0,0
0,0,0.0,3,1.0,0,1.0,0
0,0,0.18181818181818182,1,1.0,0,1.0,0
1,0,1.0,1,1.0,0,1.0,0
0,0,0.0,1,1.0,1,1.0,0
0,0,0.0,5,1.0,0,1.0,0
1,0,0.9,1,1.0,0,1.0,0
1,0,0.40229885057471265,12,1.0,0,1.0,0
1,0,0.8333333333333334,1,1.0,0,1.0,0
0,0,0.0,2,1.0,0,1.0,0
0,0,0.0,1,1.0,0,1.0,0
1,0,0.10526315789473684,2,0.5,2,0.5,0
0,0,0.0,12,0.08333333333333333,12,0.08333333333333333,0
0,0,0.0,12,0.08333333333333333,12,0.08333333333333333,1
0,0,0.09523809523809523,1,1.0,1,1.0,0
0,0,0.0,12,0.08333333333333333,12,0.08333333333333333,1
0,0,0.0,1,1.0,0,1.0,0
1,0,0.2222222222222222,2,1.0,0,1.0,0
0,0,0.0,7,1.0,0,1.0,0
0,0,0.0,4,1.0,0,1.0,0
1,0,0.15384615384615385,1,1.0,0,1.0,0
1,0,0.4166666666666667,1,1.0,0,1.0,0
0,0,1.0,1,1.0,0,1.0,0
1,0,0.0,1,1.0,0,1.0,0
1,0,0.0,1,1.0,0,1.0,0
1,0,0.15384615384615385,1,1.0,0,1.0,0
1,0,0.0,1,1.0,0,1.0,0
0,0,0.0,1,1.0,0,1.0,0
0,0,0.0,1,1.0,0,1.0,0
0,1,0.11764705882352941,1,1.0,0,1.0,0
0,0,0.0,2,1.0,0,1.0,0
1,0,0.0,1,1.0,0,1.0,0
0,0,0.1891891891891892,4,0.25,4,0.25,0
0,0,1.0,1,1.0,0,1.0,0
0,0,0.18181818181818182,1,1.0,0,1.0,0
0,0,0.0,1,1.0,0,1.0,0
0,0,0.0,1,1.0,0,1.0,0
1,0,0.0,1,1.0,0,1.0,0
1,0,0.0,1,1.0,0,1.0,0
0,0,0.0,1,1.0,0,1.0,0
0,0,0.0,1,1.0,1,1.0,0
1,0,0.3258426966292135,11,1.0,0,1.0,0
0,0,0.0,1,1.0,0,1.0,0
0,0,0.08,4,1.0,0,1.0,0
0,0,0.0,1,1.0,1,1.0,0
1,0,0.11764705882352941,1,1.0,0,1.0,0
1,0,0.11764705882352941,1,1.0,0,1.0,0
0,0,0.0,1,1.0,0,1.0,0
1,0,0.14814814814814814,1,1.0,1,1.0,0
0,0,0.3333333333333333,4,1.0,0,1.0,0
1,0,0.1,2,1.0,0,1.0,0
0,0,0.0,1,1.0,0,1.0,0
0,0,0.0,1,1.0,1,1.0,0
0,0,0.0,1,1.0,0,1.0,0
0,0,1.0,1,1.0,0,1.0,0
1,0,0.14814814814814814,2,1.0,0,1.0,0
0,1,0.0,4,0.25,4,0.25,0
0,0,0.0,1,1.0,0,1.0,0
0,0,0.18181818181818182,1,1.0,0,1.0,0
0,0,0.8,1,1.0,0,1.0,0
1,0,0.18181818181818182,1,1.0,0,1.0,0
0,0,0.0,1,1.0,0,1.0,0
0,0,0.0,1,1.0,0,1.0,0
1,0,0.2,1,1.0,0,1.0,0
0,0,0.0,1,1.0,0,1.0,0
0,0,0.19047619047619047,1,1.0,1,1.0,0
1,0,0.0,1,1.0,0,1.0,0
1,0,0.0,1,1.0,0,1.0,0
1,0,0.08695652173913043,1,1.0,0,1.0,0
0,0,0.0,1,1.0,0,1.0,0
1,0,0.0,1,1.0,0,1.0,0
0,0,0.0,1,1.0,0,1.0,0
1,0,0.0,1,1.0,1,1.0,0
1,0,0.2127659574468085,5,1.0,0,1.0,0
0,0,0.0,1,1.0,0,1.0,0
0,0,0.15384615384615385,1,1.0,0,1.0,0
0,0,0.0,1,1.0,0,1.0,0
0,0,0.14285714285714285,1,1.0,0,1.0,0
0,0,0.18181818181818182,1,1.0,0,1.0,0
0,0,0.0,1,1.0,0,1.0,0
0,0,0.1111111111111111,1,1.0,0,1.0,0
0,0,0.0,1,1.0,0,1.0,0
0,0,0.0,1,1.0,0,1.0,0
0,0,0.0,15,1.0,0,1.0,0
0,0,0.0,1,1.0,1,1.0,0
0,0,0.0,2,0.5,0,1.0,0
0,0,0.0,2,1.0,0,1.0,0
0,0,0.0,1,1.0,0,1.0,0
0,0,0.0,2,1.0,0,1.0,0
0,0,0.5882352941176471,2,1.0,0,1.0,0
0,0,0.0,1,1.0,0,1.0,0
0,0,0.14285714285714285,1,1.0,1,1.0,0
0,0,0.0,1,1.0,0,1.0,0
1,0,0.0,1,1.0,0,1.0,0
1,0,0.18181818181818182,1,1.0,0,1.0,0
0,0,0.0,1,1.0,0,1.0,0
0,0,0.0,1,1.0,0,1.0,0
0,0,0.0,1,1.0,0,1.0,0
0,0,0.0,1,1.0,0,1.0,0
0,0,0.21052631578947367,2,1.0,0,1.0,0
0,0,0.0,1,1.0,0,1.0,0
1,0,0.5,1,1.0,0,1.0,0
0,0,0.0,1,1.0,0,1.0,0
0,0,0.0,1,1.0,0,1.0,0
0,0,0.0,2,1.0,2,1.0,0
0,0,0.18181818181818182,1,1.0,0,1.0,0
0,0,0.0,1,1.0,0,1.0,0
0,0,0.13333333333333333,2,1.0,0,1.0,0
0,0,0.21621621621621623,2,1.0,0,1.0,0
0,0,0.0,1,1.0,0,1.0,0
0,0,0.0,1,1.0,0,1.0,0
0,0,0.0,1,1.0,0,1.0,0
0,0,0.8333333333333334,1,1.0,0,1.0,0
0,0,0.0,1,1.0,1,1.0,0
0,0,0.0,1,1.0,0,1.0,0
1,0,0.2222222222222222,1,1.0,0,1.0,0
1,0,0.11764705882352941,1,1.0,1,1.0,0
0,0,0.0,1,1.0,0,1.0,0
0,0,0.0,1,1.0,0,1.0,0
1,0,0.0,1,1.0,0,1.0,0
0,0,0.0,1,1.0,0,1.0,0
0,0,0.0,1,1.0,0,1.0,0
0,0,0.18181818181818182,1,1.0,0,1.0,0
0,0,0.0,1,1.0,0,1.0,0
0,0,0.0,1,1.0,0,1.0,0
0,0,0.0,1,1.0,0,1.0,0
1,0,0.0,1,1.0,0,1.0,0
1,0,0.2,1,1.0,0,1.0,0
0,0,0.0,1,1.0,0,1.0,0
0,0,0.0,1,1.0,1,1.0,0
1,0,0.0,1,1.0,0,1.0,0
0,0,1.0,1,1.0,0,1.0,0
0,0,0.0,1,1.0,0,1.0,0
0,0,0.0,1,1.0,0,1.0,0
0,0,0.0,1,1.0,0,1.0,0
0,0,0.0,1,1.0,1,1.0,0
0,0,0.0,1,1.0,0,1.0,0
0,0,0.0,1,1.0,0,1.0,0
1,0,0.2222222222222222,1,1.0,0,1.0,0
0,0,0.0,1,1.0,0,1.0,0
0,0,0.0,1,1.0,0,1.0,0
0,0,0.02564102564102564,1,1.0,1,1.0,0
1,0,0.0,1,1.0,0,1.0,0
0,0,0.0,1,1.0,1,1.0,0
1,0,0.0,1,1.0,0,1.0,0
0,0,0.0,1,1.0,0,1.0,0
0,0,0.0,1,1.0,0,1.0,0
0,0,0.15384615384615385,2,1.0,0,1.0,0
0,0,0.0,3,1.0,0,1.0,0
0,0,0.0,1,1.0,0,1.0,0
0,0,0.0,1,1.0,0,1.0,0
1,0,0.18181818181818182,1,1.0,0,1.0,0
1,0,0.2857142857142857,1,1.0,1,1.0,0
0,0,0.2,1,1.0,0,1.0,0
1,0,0.0,1,1.0,0,1.0,0
0,0,0.16666666666666666,1,1.0,0,1.0,0
0,0,1.0,1,1.0,0,1.0,0
1,0,0.1111111111111111,1,1.0,0,1.0,0
0,0,0.0,1,1.0,0,1.0,0
0,0,0.9090909090909091,1,1.0,0,1.0,0
0,0,1.0,1,1.0,0,1.0,0
0,0,0.2,1,1.0,0,1.0,0
0,0,0.0,1,1.0,0,1.0,0
0,0,0.16666666666666666,1,1.0,0,1.0,0
0,0,0.0,1,1.0,0,1.0,0
0,0,0.0,2,1.0,0,1.0,0
1,0,0.47619047619047616,2,1.0,0,1.0,0
0,0,0.5454545454545454,3,1.0,0,1.0,0
0,0,0.0,1,1.0,0,1.0,0
1,0,0.0,2,1.0,1,1.0,0
1,0,0.0,1,1.0,0,1.0,0
0,0,0.16666666666666666,1,1.0,0,1.0,0
0,0,0.0,1,1.0,0,1.0,0
0,0,0.0,1,1.0,0,1.0,0
0,0,0.8421052631578947,1,1.0,0,1.0,0
0,0,0.7058823529411765,1,1.0,0,1.0,0
0,0,0.16666666666666666,1,1.0,0,1.0,0
1,0,0.0,1,1.0,0,1.0,0
0,0,0.0,1,1.0,0,1.0,0
0,0,0.0,1,1.0,0,1.0,0
0,0,0.19047619047619047,1,1.0,0,1.0,0
0,0,0.75,2,1.0,0,1.0,0
1,0,0.18181818181818182,1,1.0,0,1.0,0
0,0,0.0,1,1.0,0,1.0,0
1,0,1.0,1,1.0,0,1.0,0
0,0,0.0,1,1.0,0,1.0,0
0,0,0.0,1,1.0,0,1.0,0
0,0,0.0,1,1.0,0,1.0,0
0,0,0.0,1,1.0,0,1.0,0
0,0,0.0,1,1.0,0,1.0,0
0,0,0.6153846153846154,2,0.5,0,1.0,0
0,0,0.5,1,1.0,0,1.0,0
1,0,0.1875,1,1.0,0,1.0,0
0,0,0.0,1,1.0,0,1.0,0
0,0,0.918918918918919,2,1.0,0,1.0,0
1,0,0.0,1,1.0,0,1.0,0
0,0,0.0,1,1.0,0,1.0,0
0,0,0.0,1,1.0,1,1.0,0
0,0,0.7777777777777778,2,1.0,0,1.0,0
0,0,0.0,1,1.0,0,1.0,0
1,0,0.0,3,1.0,0,1.0,0
0,0,0.2,1,1.0,0,1.0,0
1,0,0.2857142857142857,1,1.0,1,1.0,0
0,0,0.0,1,1.0,0,1.0,0
0,0,0.5833333333333334,2,1.0,0,1.0,0
0,0,0.0,1,1.0,0,1.0,0
0,0,0.0,1,1.0,0,1.0,0
0,0,0.46153846153846156,3,1.0,0,1.0,0
0,0,0.1111111111111111,1,1.0,0,1.0,0
0,0,0.5454545454545454,2,1.0,0,1.0,0
0,0,1.0,1,1.0,0,1.0,0
1,0,0.2,1,1.0,0,1.0,0
0,0,0.0,1,1.0,0,1.0,0
0,0,0.1111111111111111,3,0.3333333333333333,0,1.0,0
0,0,0.0,1,1.0,0,1.0,0
0,0,0.0,1,1.0,1,1.0,0
0,0,0.5454545454545454,3,1.0,0,1.0,0
1,0,0.18181818181818182,1,1.0,0,1.0,0
0,0,0.0,1,1.0,0,1.0,0
0,0,0.011695906432748537,1,1.0,0,1.0,0
0,0,0.0,1,1.0,0,1.0,0
0,0,0.5714285714285714,1,1.0,0,1.0,0
0,0,0.0,1,1.0,0,1.0,0
1,0,0.0,1,1.0,0,1.0,0
0,0,0.0,5,1.0,0,1.0,0
0,0,0.6,3,1.0,0,1.0,0
0,0,0.0,1,1.0,0,1.0,0
0,0,0.0,5,1.0,0,1.0,0
1,0,0.13333333333333333,1,1.0,1,1.0,0
1,0,0.0,1,1.0,0,1.0,0
0,0,0.0,3,1.0,0,1.0,0
0,0,0.0,1,1.0,0,1.0,0
0,0,0.18181818181818182,1,1.0,0,1.0,0
0,0,0.2,1,1.0,0,1.0,0
0,0,0.4444444444444444,2,1.0,1,1.0,0
0,0,0.0,1,1.0,0,1.0,0
0,0,0.0,4,1.0,0,1.0,0
0,0,0.0,1,1.0,0,1.0,0
0,0,0.14285714285714285,1,1.0,1,1.0,0
1,0,0.0,1,1.0,0,1.0,0
0,0,1.0,1,1.0,0,1.0,0
0,0,0.0,1,1.0,0,1.0,0
0,0,0.0,1,1.0,0,1.0,0
0,0,0.14285714285714285,1,1.0,0,1.0,0
1,0,0.0,1,1.0,0,1.0,0
1,0,0.0,1,1.0,0,1.0,0
0,0,0.2,1,1.0,0,1.0,0
0,0,0.8571428571428571,1,1.0,0,1.0,0
0,0,0.42424242424242425,3,0.3333333333333333,3,0.3333333333333333,0
0,0,0.0,1,1.0,0,1.0,0
1,0,0.0,2,1.0,0,1.0,0
0,0,0.0,1,1.0,0,1.0,0
0,0,0.0,2,1.0,0,1.0,0
1,0,0.125,2,1.0,0,1.0,0
0,0,0.0,3,1.0,1,1.0,0
0,0,0.0,1,1.0,0,1.0,0
0,0,0.0,1,1.0,0,1.0,0
0,0,0.0,2,1.0,0,1.0,0
0,0,0.0,1,1.0,0,1.0,0
0,0,0.0,1,1.0,0,1.0,0
0,0,0.0,1,1.0,0,1.0,0
0,0,0.0,1,1.0,0,1.0,0
0,0,0.8571428571428571,1,1.0,0,1.0,0
0,0,0.0,1,1.0,1,1.0,0
0,1,0.0,1,1.0,0,1.0,0
0,0,0.0,2,1.0,0,1.0,0
0,0,0.8,1,1.0,0,1.0,0
0,0,0.0,3,0.3333333333333333,3,0.3333333333333333,0
0,0,0.0,1,1.0,0,1.0,0
1,0,0.0,2,1.0,0,1.0,0
0,0,0.75,1,1.0,0,1.0,0
0,0,1.0,3,1.0,0,1.0,0
0,0,0.0,1,1.0,0,1.0,0
0,0,0.0,1,1.0,0,1.0,0
0,0,0.18181818181818182,1,1.0,0,1.0,0
0,0,0.0,1,1.0,0,1.0,0
0,0,1.0,1,1.0,0,1.0,0
1,0,0.0,1,1.0,0,1.0,0
0,0,0.17391304347826086,1,1.0,0,1.0,0
0,0,0.8888888888888888,1,1.0,0,1.0,0
0,0,0.0,1,1.0,1,1.0,0
0,0,0.0,1,1.0,0,1.0,0
0,0,0.10526315789473684,2,1.0,0,1.0,0
1,0,0.13333333333333333,1,1.0,0,1.0,0
1,0,0.7272727272727273,1,1.0,0,1.0,0
1,0,0.0,1,1.0,0,1.0,0
0,0,0.2,1,1.0,0,1.0,0
0,0,1.0,3,1.0,0,1.0,0
0,0,1.0,1,1.0,0,1.0,0
0,0,0.42105263157894735,4,1.0,0,1.0,0
0,0,0.0,1,1.0,0,1.0,0
0,0,0.18181818181818182,1,1.0,0,1.0,0
1,0,0.0,1,1.0,0,1.0,0
1,0,0.3076923076923077,1,1.0,0,1.0,0
0,0,0.0,1,1.0,0,1.0,0
0,0,0.015384615384615385,18,0.1111111111111111,0,1.0,0
0,0,0.015384615384615385,18,0.1111111111111111,0,1.0,1
1,0,0.0,3,1.0,0,1.0,0
0,0,0.40816326530612246,5,1.0,0,1.0,0
1,0,0.0,1,1.0,0,1.0,0
0,0,0.015384615384615385,18,0.1111111111111111,0,1.0,1
0,0,0.2,1,1.0,0,1.0,0
0,0,0.0,1,1.0,0,1.0,0
1,0,0.46153846153846156,2,1.0,0,1.0,0
1,0,0.0,1,1.0,0,1.0,0
1,0,0.0,1,1.0,1,1.0,0
0,0,0.0,1,1.0,0,1.0,0
0,0,0.0,1,1.0,0,1.0,0
0,0,0.0,1,1.0,0,1.0,0
0,0,0.25,1,1.0,0,1.0,0
0,0,0.75,1,1.0,0,1.0,0
0,0,0.0,1,1.0,0,1.0,0
0,0,0.0,1,1.0,0,1.0,0
1,0,0.0,1,1.0,0,1.0,0
0,0,0.896551724137931,3,1.0,0,1.0,0
0,0,0.0,1,1.0,0,1.0,0
0,0,0.5,4,1.0,0,1.0,0
0,0,0.0,1,1.0,0,1.0,0
0,0,0.0,1,1.0,0,1.0,0
0,0,0.3,3,1.0,0,1.0,0
0,0,0.0,2,1.0,0,1.0,0
0,0,0.0,2,1.0,0,1.0,0
0,0,0.0,1,1.0,1,1.0,0
0,0,0.15384615384615385,2,1.0,0,1.0,0
1,0,0.0,1,1.0,0,1.0,0
0,0,0.7142857142857143,1,1.0,0,1.0,0
0,0,0.16666666666666666,1,1.0,1,1.0,0
0,0,0.05714285714285714,1,1.0,0,1.0,0
0,0,0.0,1,1.0,0,1.0,0
0,0,0.0,1,1.0,0,1.0,0
1,0,0.18181818181818182,2,1.0,0,1.0,0
1,0,0.0,1,1.0,0,1.0,0
0,0,0.5882352941176471,3,1.0,0,1.0,0
0,0,0.0,2,1.0,0,1.0,0
0,0,0.08,1,1.0,0,1.0,0
0,0,0.2962962962962963,2,1.0,1,1.0,0
0,0,0.0,1,1.0,0,1.0,0
0,0,0.0,1,1.0,0,1.0,0
1,0,0.0,2,1.0,0,1.0,0
0,0,0.0,1,1.0,0,1.0,0
0,0,0.0,1,1.0,0,1.0,0
0,0,0.5217391304347826,4,1.0,0,1.0,0
1,0,0.19047619047619047,3,1.0,0,1.0,0
0,0,0.08333333333333333,3,0.6666666666666666,0,1.0,0
0,0,0.0,1,1.0,0,1.0,0
0,0,0.0,11,1.0,0,1.0,0
0,0,0.0,1,1.0,0,1.0,0
0,0,0.35294117647058826,2,1.0,0,1.0,0
0,0,1.0,1,1.0,0,1.0,0
0,0,0.0,1,1.0,0,1.0,0
0,0,0.6363636363636364,1,1.0,1,1.0,0
1,0,0.0,1,1.0,0,1.0,0
1,0,0.631578947368421,1,1.0,0,1.0,0
0,0,1.0,1,1.0,0,1.0,0
0,0,0.0,1,1.0,0,1.0,0
0,0,0.2222222222222222,7,1.0,0,1.0,0
0,0,0.0,1,1.0,0,1.0,0
0,0,0.09523809523809523,1,1.0,0,1.0,0
0,0,0.0,1,1.0,0,1.0,0
0,0,0.0,1,1.0,0,1.0,0
0,0,0.2,1,1.0,0,1.0,0
1,0,0.0,2,1.0,0,1.0,0
0,0,0.18181818181818182,1,1.0,0,1.0,0
0,0,0.0,1,1.0,0,1.0,0
0,0,0.0,1,1.0,0,1.0,0
0,0,0.8333333333333334,1,1.0,0,1.0,0
0,0,0.2,1,1.0,0,1.0,0
0,0,0.0,1,1.0,1,1.0,0
0,0,0.0,1,1.0,0,1.0,0
0,0,0.0,3,1.0,0,1.0,0
1,0,0.25,1,1.0,1,1.0,0
0,0,0.0,1,1.0,0,1.0,0
0,0,0.0,1,1.0,0,1.0,0
0,0,0.0,3,1.0,0,1.0,0
1,0,0.11764705882352941,1,1.0,0,1.0,0
0,0,0.0,1,1.0,0,1.0,0
0,0,0.0,1,1.0,1,1.0,0
1,0,0.10526315789473684,1,1.0,0,1.0,0
1,0,0.0,5,0.2,0,1.0,0
0,0,0.11764705882352941,3,1.0,0,1.0,0
1,0,0.5142857142857142,3,1.0,0,1.0,0
0,0,0.6086956521739131,3,1.0,0,1.0,0
1,0,0.26666666666666666,1,1.0,0,1.0,0
0,0,0.0,2,1.0,0,1.0,0
1,0,0.2,1,1.0,0,1.0,0
0,0,0.0,2,1.0,0,1.0,0
0,0,0.0,6,0.5,0,1.0,0
0,0,0.0,1,1.0,1,1.0,0
1,0,0.15384615384615385,1,1.0,0,1.0,0
0,0,0.5882352941176471,3,1.0,1,1.0,0
0,0,0.0,2,1.0,0,1.0,0
1,0,0.0,1,1.0,0,1.0,0
0,0,0.0,1,1.0,0,1.0,0
0,0,0.0,1,1.0,1,1.0,0
0,0,0.0,1,1.0,0,1.0,0
0,0,0.0,1,1.0,0,1.0,0
0,0,0.0,1,1.0,0,1.0,0
0,0,0.42105263157894735,1,1.0,0,1.0,0
0,0,0.0,4,0.25,4,0.25,0
0,0,0.0,1,1.0,0,1.0,0
0,0,0.0,1,1.0,0,1.0,0
0,0,0.0,1,1.0,0,1.0,0
0,0,0.4,2,1.0,0,1.0,0
1,0,0.75,2,1.0,0,1.0,0
1,0,0.5714285714285714,1,1.0,1,1.0,0
0,0,0.0,1,1.0,0,1.0,0
0,0,0.631578947368421,2,0.5,0,1.0,0
0,0,0.7777777777777778,1,1.0,0,1.0,0
1,0,0.0,1,1.0,0,1.0,0
0,0,0.0,4,1.0,0,1.0,0
0,0,0.0,1,1.0,0,1.0,0
0,0,0.39344262295081966,5,1.0,0,1.0,0
0,0,0.1111111111111111,1,1.0,0,1.0,0
0,0,0.14285714285714285,2,1.0,0,1.0,0
0,0,0.0,2,1.0,1,1.0,0
0,0,0.37209302325581395,4,1.0,0,1.0,0
0,0,0.0,1,1.0,0,1.0,0
0,0,0.13333333333333333,1,1.0,0,1.0,0
1,0,0.13333333333333333,1,1.0,0,1.0,0
0,0,0.5454545454545454,1,1.0,0,1.0,0
1,0,0.0,1,1.0,0,1.0,0
0,0,0.0,1,1.0,0,1.0,0
1,0,0.0,1,1.0,0,1.0,0
0,0,0.0,2,1.0,0,1.0,0
0,0,0.0,7,1.0,0,1.0,0
0,0,0.18181818181818182,1,1.0,0,1.0,0
0,0,0.2,1,1.0,0,1.0,0
0,0,0.0,1,1.0,0,1.0,0
0,0,0.0,1,1.0,0,1.0,0
0,0,0.8571428571428571,2,1.0,0,1.0,0
0,0,0.16666666666666666,2,1.0,0,1.0,0
0,0,0.0,1,1.0,1,1.0,0
0,0,0.75,2,1.0,0,1.0,0
0,0,0.11764705882352941,2,1.0,0,1.0,0
0,0,0.0,1,1.0,0,1.0,0
0,0,0.0,1,1.0,0,1.0,0
0,0,0.0,1,1.0,0,1.0,0
0,0,0.2,1,1.0,0,1.0,0
0,0,0.0,1,1.0,0,1.0,0
0,0,0.7906976744186046,3,0.3333333333333333,0,1.0,0
0,0,0.0,1,1.0,0,1.0,0
1,0,0.4,5,1.0,0,1.0,0
0,0,0.0,1,1.0,0,1.0,0
0,0,0.0,1,1.0,0,1.0,0
0,0,0.0,2,1.0,0,1.0,0
0,0,0.0,1,1.0,0,1.0,0
0,0,0.0,1,1.0,0,1.0,0
1,0,0.0,1,1.0,0,1.0,0
0,0,0.0,1,1.0,0,1.0,0
0,0,0.0,2,1.0,0,1.0,0
1,0,0.0,1,1.0,0,1.0,0
0,0,0.0,2,1.0,0,1.0,0
0,0,0.8333333333333334,1,1.0,0,1.0,0
1,0,0.0,1,1.0,0,1.0,0
0,0,0.16666666666666666,1,1.0,0,1.0,0
0,0,0.0,1,1.0,0,1.0,0
0,0,0.0,1,1.0,0,1.0,0
1,0,0.36363636363636365,3,1.0,0,1.0,0
0,0,0.0,1,1.0,0,1.0,0
1,0,0.0,1,1.0,1,1.0,0
0,0,0.13333333333333333,1,1.0,0,1.0,0
0,0,0.0,1,1.0,0,1.0,0
1,0,0.14285714285714285,4,1.0,0,1.0,0
0,0,0.0,3,1.0,0,1.0,0
0,0,0.0,1,1.0,0,1.0,0
0,0,0.0,1,1.0,0,1.0,0
1,0,0.5714285714285714,1,1.0,0,1.0,0
0,0,0.0,1,1.0,0,1.0,0
0,1,0.5,3,1.0,0,1.0,0
0,0,0.09523809523809523,3,1.0,0,1.0,0
0,0,0.07920792079207921,16,0.0625,16,0.0625,0
0,0,0.0,1,1.0,0,1.0,0
0,0,0.07920792079207921,16,0.0625,16,0.0625,1
1,0,0.14814814814814814,1,1.0,1,1.0,0
0,0,0.7142857142857143,1,1.0,0,1.0,0
1,0,0.0,1,1.0,1,1.0,0
0,0,0.0,1,1.0,0,1.0,0
0,0,0.5555555555555556,2,1.0,0,1.0,0
0,0,0.19047619047619047,3,1.0,1,1.0,0
0,0,0.5,3,1.0,0,1.0,0
0,0,0.07920792079207921,16,0.0625,16,0.0625,1
1,0,0.10526315789473684,1,1.0,0,1.0,0
0,0,0.0,2,1.0,0,1.0,0
0,0,0.18181818181818182,1,1.0,0,1.0,0
0,0,0.0,1,1.0,0,1.0,0
0,0,0.0,1,1.0,0,1.0,0
0,0,1.0,1,1.0,0,1.0,0
1,0,0.0,1,1.0,0,1.0,0
0,0,0.10526315789473684,1,1.0,1,1.0,0
0,0,0.42105263157894735,1,1.0,0,1.0,0
0,0,0.0,1,1.0,0,1.0,0
0,0,0.0,6,1.0,0,1.0,0
0,1,0.35,2,0.5,2,0.5,0
0,0,0.0,1,1.0,0,1.0,0
1,0,0.0,3,1.0,0,1.0,0
0,0,0.6666666666666666,2,1.0,0,1.0,0
0,0,0.1111111111111111,2,1.0,0,1.0,0
0,0,0.0,1,1.0,0,1.0,0
0,0,0.0,1,1.0,1,1.0,0
0,0,0.0,1,1.0,0,1.0,0
0,0,0.5454545454545454,3,1.0,0,1.0,0
0,0,0.0,1,1.0,0,1.0,0
0,0,0.0,3,1.0,0,1.0,0
1,0,0.0,1,1.0,0,1.0,0
0,0,0.0,1,1.0,1,1.0,0
0,0,0.0,3,1.0,0,1.0,0
0,0,0.5,1,1.0,0,1.0,0
0,0,0.0,1,1.0,0,1.0,0
1,0,0.0,2,1.0,0,1.0,0
0,0,0.5263157894736842,1,1.0,0,1.0,0
0,0,0.0,1,1.0,0,1.0,0
1,0,0.0,1,1.0,0,1.0,0
1,0,0.0,1,1.0,0,1.0,0
0,0,0.8571428571428571,2,1.0,0,1.0,0
1,0,0.0,3,1.0,1,1.0,0
0,0,0.0,2,1.0,0,1.0,0
0,0,0.0,1,1.0,0,1.0,0
0,0,0.0,1,1.0,0,1.0,0
0,1,0.0,1,1.0,0,1.0,0
1,0,0.2,1,1.0,0,1.0,0
1,0,0.0,2,1.0,0,1.0,0
1,0,1.0,1,1.0,0,1.0,0
0,0,0.36363636363636365,3,1.0,0,1.0,0
0,0,0.0,1,1.0,0,1.0,0
0,0,0.0,1,1.0,0,1.0,0
0,0,0.0,1,1.0,0,1.0,0
0,0,0.0,1,1.0,0,1.0,0
0,0,0.0,3,1.0,0,1.0,0
1,0,0.11764705882352941,1,1.0,0,1.0,0
0,0,0.8571428571428571,1,1.0,1,1.0,0
0,0,0.12903225806451613,3,0.3333333333333333,0,1.0,0
0,0,0.0,1,1.0,0,1.0,0
0,0,0.0,21,0.14285714285714285,0,1.0,0
0,0,0.0,1,1.0,0,1.0,0
0,0,0.0,1,1.0,0,1.0,0
0,0,0.23529411764705882,2,1.0,0,1.0,0
0,0,0.0,11,1.0,0,1.0,0
0,0,0.0,1,1.0,0,1.0,0
1,0,0.0,3,1.0,0,1.0,0
1,0,0.125,2,1.0,0,1.0,0
0,0,0.37209302325581395,4,0.25,0,1.0,0
0,0,0.0,1,1.0,0,1.0,0
0,0,0.0,2,1.0,0,1.0,0
0,0,0.0,1,1.0,0,1.0,0
1,0,0.23931623931623933,3,1.0,0,1.0,0
0,0,1.0,1,1.0,0,1.0,0
1,0,0.13793103448275862,3,1.0,0,1.0,0
0,0,0.10526315789473684,1,1.0,0,1.0,0
0,0,0.0,1,1.0,0,1.0,0
1,0,0.08866995073891626,26,0.9615384615384616,0,1.0,0
0,0,0.06451612903225806,2,1.0,0,1.0,0
1,0,0.0,1,1.0,0,1.0,0
0,0,0.0,2,1.0,0,1.0,0
1,0,0.0,2,1.0,0,1.0,0
0,0,0.75,1,1.0,0,1.0,0
0,0,0.0,1,1.0,0,1.0,0
0,0,0.0,1,1.0,0,1.0,0
0,0,0.0,1,1.0,0,1.0,0
0,0,0.0,1,1.0,0,1.0,0
0,0,0.0,1,1.0,0,1.0,0
0,0,0.5,1,1.0,0,1.0,0
0,0,0.25,4,1.0,1,1.0,0
1,0,0.0784313725490196,5,0.2,5,0.2,0
0,0,0.0,1,1.0,0,1.0,0
0,0,0.2,1,1.0,0,1.0,0
0,0,0.0,1,1.0,0,1.0,0
1,0,0.0,8,0.25,0,1.0,0
0,0,0.3157894736842105,1,1.0,0,1.0,0
0,0,0.0,2,1.0,0,1.0,0
0,0,0.4444444444444444,2,1.0,0,1.0,0
0,0,0.0,11,1.0,0,1.0,0
0,0,0.14285714285714285,1,1.0,0,1.0,0
0,0,0.0,1,1.0,0,1.0,0
1,0,0.0,1,1.0,0,1.0,0
0,0,0.0,3,0.3333333333333333,3,0.3333333333333333,0
0,0,0.0,1,1.0,1,1.0,0
1,0,0.26976744186046514,11,1.0,0,1.0,0
0,0,0.0,2,0.5,2,0.5,0
0,0,0.0,3,1.0,0,1.0,0
0,0,0.11764705882352941,1,1.0,1,1.0,0
0,0,0.46153846153846156,2,1.0,0,1.0,0
1,0,0.15384615384615385,1,1.0,0,1.0,0
0,0,0.0,3,1.0,0,1.0,0
1,0,0.7927927927927928,11,1.0,0,1.0,0
0,0,0.0,4,1.0,0,1.0,0
1,0,0.19047619047619047,2,1.0,0,1.0,0
0,0,0.14285714285714285,4,1.0,0,1.0,0
0,0,0.0,2,1.0,0,1.0,0
0,0,0.25,2,1.0,0,1.0,0
0,0,0.0,1,1.0,0,1.0,0
0,0,0.0,2,1.0,0,1.0,0
0,0,0.0,1,1.0,0,1.0,0
0,0,0.5833333333333334,7,1.0,0,1.0,0
0,0,0.0,1,1.0,0,1.0,0
0,0,0.0,8,1.0,0,1.0,0
0,1,0.5,1,1.0,0,1.0,0
0,0,0.0,2,1.0,0,1.0,0
0,0,0.0,2,1.0,0,1.0,0
0,0,0.0,1,1.0,0,1.0,0
0,0,0.0,1,1.0,0,1.0,0
0,0,0.0,1,1.0,1,1.0,0
0,0,0.0,1,1.0,0,1.0,0
0,0,0.0,1,1.0,0,1.0,0
0,0,0.26666666666666666,2,1.0,0,1.0,0
0,0,0.0,1,1.0,0,1.0,0
0,0,0.0,3,1.0,0,1.0,0
1,0,0.75,2,1.0,0,1.0,0
0,0,0.0,1,1.0,0,1.0,0
1,0,0.7142857142857143,1,1.0,0,1.0,0
0,0,0.0,1,1.0,1,1.0,0
0,0,0.0,3,1.0,0,1.0,0
1,0,0.0,1,1.0,0,1.0,0
0,0,0.0,1,1.0,0,1.0,0
0,0,0.0,2,1.0,2,1.0,0
0,0,0.0,1,1.0,0,1.0,0
0,0,0.0,1,1.0,0,1.0,0
0,0,0.0,2,1.0,0,1.0,0
1,0,0.0,2,1.0,0,1.0,0
0,0,0.15384615384615385,2,1.0,0,1.0,0
0,0,0.625,1,1.0,0,1.0,0
1,0,0.18181818181818182,2,1.0,0,1.0,0
0,0,0.0,5,0.2,5,0.2,0
0,0,0.0,4,1.0,0,1.0,0
0,0,0.7058823529411765,2,1.0,0,1.0,0
0,0,0.6666666666666666,2,1.0,0,1.0,0
0,0,0.0,3,1.0,1,1.0,0
0,0,0.0,3,1.0,0,1.0,0
1,0,0.0,1,1.0,1,1.0,0
0,0,0.0,3,0.3333333333333333,0,1.0,0
0,0,0.0,4,0.25,4,0.25,0
0,0,0.1111111111111111,2,1.0,0,1.0,0
1,0,0.0,2,1.0,0,1.0,0
0,0,0.0,1,1.0,0,1.0,0
0,0,0.5882352941176471,2,1.0,0,1.0,0
1,0,0.0,2,1.0,0,1.0,0
0,0,0.0,1,1.0,0,1.0,0
1,0,0.0,2,1.0,0,1.0,0
0,0,0.9545454545454546,2,1.0,0,1.0,0
1,0,0.0,2,1.0,0,1.0,0
0,0,0.0,1,1.0,0,1.0,0
0,0,0.0,1,1.0,0,1.0,0
0,0,0.5185185185185185,12,0.25,0,1.0,0
0,0,0.5185185185185185,12,0.25,0,1.0,1
0,0,0.7906976744186046,2,0.5,0,1.0,0
1,0,0.0,3,1.0,0,1.0,0
0,0,0.5185185185185185,12,0.25,0,1.0,1
0,0,0.2,1,1.0,0,1.0,0
0,0,0.25925925925925924,3,1.0,0,1.0,0
0,0,0.42857142857142855,2,1.0,0,1.0,0
0,0,0.0,4,1.0,0,1.0,0
0,0,0.0,1,1.0,1,1.0,0
1,0,0.0,2,1.0,0,1.0,0
0,0,0.11428571428571428,6,1.0,0,1.0,0
0,0,0.125,1,1.0,0,1.0,0
0,0,0.16666666666666666,1,1.0,0,1.0,0
0,0,0.0,5,1.0,0,1.0,0
0,0,0.0,1,1.0,0,1.0,0
1,0,0.8,1,1.0,0,1.0,0
1,0,0.1,2,1.0,0,1.0,0
1,0,0.0,4,1.0,0,1.0,0
0,0,0.125,2,1.0,0,1.0,0
1,0,0.20689655172413793,2,1.0,0,1.0,0
0,0,0.0,1,1.0,0,1.0,0
0,0,0.3225806451612903,4,1.0,0,1.0,0
1,0,0.17391304347826086,3,1.0,0,1.0,0
0,0,0.0,1,1.0,0,1.0,0
0,0,0.24242424242424243,5,1.0,1,1.0,0
0,0,0.0,1,1.0,0,1.0,0
1,0,0.631578947368421,1,1.0,1,1.0,0
0,0,0.0,1,1.0,0,1.0,0
0,0,0.0,1,1.0,0,1.0,0
0,0,0.6363636363636364,2,0.5,2,0.5,0
1,0,0.48,3,1.0,0,1.0,0
1,0,0.11764705882352941,3,1.0,0,1.0,0
0,0,0.2857142857142857,2,1.0,0,1.0,0
0,0,0.0,1,1.0,0,1.0,0
0,0,0.0,1,1.0,0,1.0,0
1,0,0.0,2,0.5,0,1.0,0
0,0,0.0,1,1.0,0,1.0,0
0,0,0.6956521739130435,2,1.0,0,1.0,0
1,0,0.6666666666666666,1,1.0,0,1.0,0
1,0,0.0,1,1.0,0,1.0,0
0,0,0.0,5,1.0,0,1.0,0
0,0,0.932806324110672,24,0.125,0,1.0,0
1,0,0.1,1,1.0,0,1.0,0
1,0,0.0,1,1.0,0,1.0,0
0,0,0.05,4,1.0,0,1.0,0
1,0,0.13333333333333333,1,1.0,0,1.0,0
0,0,0.12903225806451613,5,1.0,0,1.0,0
0,0,0.2222222222222222,1,1.0,1,1.0,0
0,0,0.0,1,1.0,0,1.0,0
0,0,0.125,3,1.0,0,1.0,0
1,0,0.09523809523809523,1,1.0,0,1.0,0
0,0,0.07692307692307693,4,1.0,0,1.0,0
0,0,0.0,1,1.0,0,1.0,0
0,0,0.0,1,1.0,0,1.0,0
0,0,0.2,1,1.0,0,1.0,0
0,0,0.0,1,1.0,0,1.0,0
1,0,0.6666666666666666,1,1.0,1,1.0,0
0,0,0.0,1,1.0,0,1.0,0
0,0,0.1111111111111111,3,1.0,0,1.0,0
0,0,0.5476190476190477,5,1.0,0,1.0,0
1,0,0.1,1,1.0,0,1.0,0
1,0,1.0,1,1.0,0,1.0,0
1,0,0.0,1,1.0,0,1.0,0
0,0,0.0,2,1.0,0,1.0,0
1,0,0.0,2,1.0,0,1.0,0
0,0,0.0,1,1.0,0,1.0,0
0,0,0.0,4,1.0,0,1.0,0
1,0,0.2,1,1.0,0,1.0,0
0,0,0.0,4,1.0,0,1.0,0
0,0,0.0,1,1.0,1,1.0,0
1,0,0.15789473684210525,4,1.0,0,1.0,0
1,0,0.0,1,1.0,0,1.0,0
0,0,0.2,1,1.0,0,1.0,0
1,0,0.0,1,1.0,0,1.0,0
0,0,0.0,1,1.0,0,1.0,0
0,0,0.23076923076923078,2,1.0,0,1.0,0
1,0,0.0,2,1.0,0,1.0,0
0,0,0.0,1,1.0,0,1.0,0
1,0,0.18181818181818182,1,1.0,0,1.0,0
1,0,1.0,1,1.0,1,1.0,0
0,0,0.0,3,0.3333333333333333,3,0.3333333333333333,0
0,0,0.0,1,1.0,0,1.0,0
0,0,0.1111111111111111,1,1.0,1,1.0,0
0,0,0.0,1,1.0,0,1.0,0
1,0,0.0,1,1.0,0,1.0,0
0,0,1.0,1,1.0,0,1.0,0
0,0,0.0,1,1.0,0,1.0,0
0,0,0.2,1,1.0,0,1.0,0
0,0,0.0,1,1.0,0,1.0,0
0,0,0.0,6,1.0,0,1.0,0
0,0,0.26666666666666666,1,1.0,0,1.0,0
0,0,0.0,1,1.0,0,1.0,0
0,0,0.6,1,1.0,1,1.0,0
1,0,0.0,1,1.0,0,1.0,0
0,0,0.0,1,1.0,0,1.0,0
0,0,0.0,1,1.0,1,1.0,0
0,0,0.0,1,1.0,0,1.0,0
1,0,0.0,1,1.0,0,1.0,0
0,0,0.06896551724137931,4,1.0,0,1.0,0
0,0,0.0,1,1.0,0,1.0,0
1,0,0.0,3,1.0,0,1.0,0
0,0,0.47619047619047616,1,1.0,0,1.0,0
1,0,0.13333333333333333,2,1.0,0,1.0,0
0,0,0.0,1,1.0,0,1.0,0
1,0,0.11764705882352941,1,1.0,0,1.0,0
0,0,1.0,1,1.0,0,1.0,0
0,0,0.0,1,1.0,0,1.0,0
1,0,0.0,5,1.0,0,1.0,0
0,0,0.0,1,1.0,0,1.0,0
0,0,0.0,1,1.0,0,1.0,0
1,0,0.25,3,1.0,1,1.0,0
0,0,0.0,1,1.0,0,1.0,0
0,0,0.0,1,1.0,0,1.0,0
1,0,1.0,1,1.0,0,1.0,0
0,0,0.0196078431372549,14,0.14285714285714285,0,1.0,0
0,0,0.5454545454545454,1,1.0,0,1.0,0
0,0,0.0,1,1.0,1,1.0,0
1,0,0.2,1,1.0,0,1.0,0
1,0,0.2,1,1.0,0,1.0,0
0,0,0.0,1,1.0,1,1.0,0
0,0,0.375,1,1.0,0,1.0,0
0,0,0.0,1,1.0,0,1.0,0
0,0,0.7058823529411765,1,1.0,0,1.0,0
1,0,0.09523809523809523,1,1.0,0,1.0,0
0,0,0.05714285714285714,4,1.0,0,1.0,0
0,0,0.0,1,1.0,0,1.0,0
0,0,0.0,1,1.0,0,1.0,0
1,0,0.0,1,1.0,0,1.0,0
0,0,1.0,1,1.0,0,1.0,0
0,0,0.11764705882352941,1,1.0,0,1.0,0
0,0,0.2,1,1.0,0,1.0,0
0,0,1.0,1,1.0,0,1.0,0
0,0,0.0,1,1.0,0,1.0,0
0,0,0.18181818181818182,1,1.0,0,1.0,0
0,0,0.0,5,1.0,0,1.0,0
0,0,0.1643835616438356,12,0.25,0,1.0,0
0,0,0.14285714285714285,3,1.0,0,1.0,0
0,0,0.0,1,1.0,0,1.0,0
1,0,0.0,2,1.0,0,1.0,0
0,0,0.0,1,1.0,0,1.0,0
1,0,0.0,1,1.0,0,1.0,0
1,0,0.09523809523809523,1,1.0,0,1.0,0
0,0,0.18181818181818182,1,1.0,0,1.0,0
1,0,0.5454545454545454,1,1.0,0,1.0,0
0,0,0.2,1,1.0,0,1.0,0
0,0,0.0,1,1.0,0,1.0,0
0,0,0.23529411764705882,6,1.0,0,1.0,0
0,0,1.0,1,1.0,0,1.0,0
1,0,0.0,1,1.0,0,1.0,0
1,0,0.2,1,1.0,0,1.0,0
0,0,0.0,1,1.0,0,1.0,0
0,0,0.0,7,1.0,0,1.0,0
0,0,0.0,1,1.0,0,1.0,0
0,0,0.46511627906976744,5,1.0,0,1.0,0
0,0,0.0,1,1.0,0,1.0,0
1,0,0.11764705882352941,1,1.0,0,1.0,0
1,0,0.05405405405405406,6,0.5,0,1.0,0
0,0,0.0,1,1.0,0,1.0,0
0,0,0.2222222222222222,1,1.0,0,1.0,0
0,0,0.0,1,1.0,0,1.0,0
0,0,0.0,1,1.0,0,1.0,0
1,0,0.0,1,1.0,0,1.0,0
0,0,0.0,1,1.0,0,1.0,0
0,0,0.7142857142857143,1,1.0,0,1.0,0
1,0,0.0,1,1.0,0,1.0,0
0,0,0.5714285714285714,2,1.0,0,1.0,0
1,0,1.0,1,1.0,0,1.0,0
0,0,0.0,3,1.0,0,1.0,0
0,0,0.13333333333333333,1,1.0,0,1.0,0
0,0,0.0,7,1.0,0,1.0,0
1,0,0.1,3,1.0,0,1.0,0
0,0,0.0,3,0.3333333333333333,3,0.3333333333333333,0
0,0,0.16666666666666666,1,1.0,1,1.0,0
1,0,1.0,1,1.0,0,1.0,0
0,0,0.0,3,1.0,0,1.0,0
0,0,0.0,1,1.0,0,1.0,0
0,0,0.0,1,1.0,0,1.0,0
0,0,0.0,1,1.0,1,1.0,0
1,0,0.2,1,1.0,0,1.0,0
1,0,0.0,1,1.0,0,1.0,0
0,0,0.2,1,1.0,0,1.0,0
0,0,0.0,1,1.0,1,1.0,0
0,0,0.125,2,1.0,0,1.0,0
1,0,0.24615384615384617,6,1.0,0,1.0,0
1,0,0.2777777777777778,3,1.0,0,1.0,0
1,0,0.3448275862068966,3,1.0,0,1.0,0
0,0,0.2222222222222222,1,1.0,0,1.0,0
0,0,0.0,1,1.0,0,1.0,0
0,0,1.0,1,1.0,0,1.0,0
0,0,0.3,3,1.0,0,1.0,0
1,0,0.05405405405405406,1,1.0,0,1.0,0
0,0,0.46153846153846156,2,1.0,0,1.0,0
0,0,0.0,1,1.0,1,1.0,0
0,0,0.0,5,1.0,1,1.0,0
1,0,0.09523809523809523,3,1.0,0,1.0,0
1,0,0.16666666666666666,1,1.0,1,1.0,0
0,0,0.2,1,1.0,0,1.0,0
0,0,0.17391304347826086,3,1.0,0,1.0,0
1,0,0.631578947368421,2,1.0,0,1.0,0
0,0,0.7804878048780488,8,0.375,0,1.0,0
0,0,0.18181818181818182,1,1.0,0,1.0,0
0,0,0.3,3,1.0,0,1.0,0
1,0,0.0,3,1.0,0,1.0,0
0,0,1.0,1,1.0,0,1.0,0
0,0,0.0,1,1.0,0,1.0,0
1,0,0.0,2,1.0,0,1.0,0
1,0,0.0,4,1.0,0,1.0,0
0,0,0.1111111111111111,1,1.0,1,1.0,0
0,0,0.0,1,1.0,0,1.0,0
1,0,0.0,1,1.0,1,1.0,0
0,0,0.5263157894736842,1,1.0,0,1.0,0
0,0,0.0,1,1.0,1,1.0,0
0,0,0.2,1,1.0,0,1.0,0
0,0,0.47368421052631576,3,1.0,1,1.0,0
0,0,0.6086956521739131,2,1.0,0,1.0,0
0,0,0.07407407407407407,3,1.0,0,1.0,0
0,0,0.7142857142857143,1,1.0,0,1.0,0
0,0,0.75,2,1.0,0,1.0,0
0,0,0.0,1,1.0,0,1.0,0
1,0,0.0,1,1.0,0,1.0,0
0,0,0.0,1,1.0,1,1.0,0
1,0,0.75,2,1.0,0,1.0,0
0,0,0.75,2,1.0,0,1.0,0
1,0,0.26666666666666666,4,0.25,4,0.25,0
1,0,0.0,5,1.0,0,1.0,0
0,0,0.0,1,1.0,0,1.0,0
1,0,0.0,1,1.0,0,1.0,0
0,0,0.6538461538461539,6,0.5,0,1.0,0
0,0,1.0,1,1.0,0,1.0,0
0,0,0.0,1,1.0,0,1.0,0
1,0,0.0,2,1.0,0,1.0,0
0,0,0.125,1,1.0,0,1.0,0
0,0,0.0,1,1.0,0,1.0,0
0,0,0.0,1,1.0,1,1.0,0
0,0,0.19672131147540983,12,0.25,0,1.0,0
0,0,0.2,1,1.0,0,1.0,0
0,0,0.41025641025641024,5,1.0,0,1.0,0
0,0,0.0,1,1.0,0,1.0,0
1,0,0.13636363636363635,5,1.0,1,1.0,0
1,0,0.0,1,1.0,0,1.0,0
1,0,0.0,1,1.0,0,1.0,0
0,0,0.0,1,1.0,0,1.0,0
1,0,0.2222222222222222,1,1.0,0,1.0,0
0,1,0.5,1,1.0,0,1.0,0
0,0,0.631578947368421,2,1.0,0,1.0,0
1,0,0.0,1,1.0,0,1.0,0
0,0,1.0,1,1.0,0,1.0,0
1,0,0.11764705882352941,1,1.0,0,1.0,0
0,0,0.058823529411764705,1,1.0,0,1.0,0
0,0,0.058823529411764705,1,1.0,0,1.0,1
1,0,0.8333333333333334,1,1.0,0,1.0,0
0,0,0.0,1,1.0,0,1.0,0
0,0,0.0,1,1.0,0,1.0,0
0,0,0.0,2,1.0,0,1.0,0
0,0,0.375,1,1.0,0,1.0,0
1,0,0.09523809523809523,1,1.0,0,1.0,0
1,0,0.0,3,1.0,0,1.0,0
0,0,0.0,1,1.0,1,1.0,0
0,0,0.7,2,1.0,1,1.0,0
0,0,0.0,1,1.0,0,1.0,0
0,0,0.0,1,1.0,0,1.0,0
0,0,0.26666666666666666,3,0.3333333333333333,3,0.3333333333333333,0
1,0,0.0,1,1.0,0,1.0,0
1,0,0.0,1,1.0,0,1.0,0
0,0,0.0,1,1.0,0,1.0,0
0,0,0.41379310344827586,4,1.0,0,1.0,0
0,0,0.13333333333333333,1,1.0,0,1.0,0
1,0,0.0,1,1.0,0,1.0,0
1,0,0.0,3,1.0,1,1.0,0
0,0,0.0,1,1.0,0,1.0,0
0,0,0.18181818181818182,1,1.0,0,1.0,0
0,0,0.0,1,1.0,0,1.0,0
0,1,0.0,3,1.0,0,1.0,0
0,0,0.5,1,1.0,0,1.0,0
1,0,0.0,1,1.0,0,1.0,0
0,0,0.7169811320754716,7,0.14285714285714285,7,0.14285714285714285,0
0,0,0.0,1,1.0,0,1.0,0
1,0,0.0,1,1.0,0,1.0,0
0,0,0.75,2,1.0,0,1.0,0
0,0,0.058823529411764705,4,0.25,0,1.0,0
0,0,0.0,1,1.0,0,1.0,0
1,0,0.0,1,1.0,0,1.0,0
0,0,1.0,1,1.0,1,1.0,0
0,0,0.0,1,1.0,1,1.0,0
0,0,0.0,1,1.0,0,1.0,0
0,0,0.0,1,1.0,1,1.0,0
0,0,0.5,1,1.0,1,1.0,0
0,0,0.0,7,1.0,0,1.0,0
0,0,0.0,1,1.0,0,1.0,0
0,0,0.0,1,1.0,0,1.0,0
0,0,0.2222222222222222,1,1.0,0,1.0,0
0,0,0.0,1,1.0,0,1.0,0
0,0,1.0,1,1.0,0,1.0,0
0,0,0.0,1,1.0,0,1.0,0
0,0,0.03389830508474576,12,0.25,0,1.0,0
1,0,0.2,1,1.0,0,1.0,0
1,0,0.0,5,1.0,0,1.0,0
0,0,0.039735099337748346,31,0.3225806451612903,0,1.0,0
0,0,0.0,1,1.0,0,1.0,0
1,0,0.19047619047619047,2,1.0,2,1.0,0
0,0,0.5,1,1.0,0,1.0,0
0,0,0.25,4,1.0,0,1.0,0
1,0,0.0,8,1.0,0,1.0,0
0,0,0.2,1,1.0,0,1.0,0
0,0,0.0,1,1.0,0,1.0,0
0,0,0.0,1,1.0,1,1.0,0
1,1,0.0,5,1.0,0,1.0,0
0,0,0.5384615384615384,2,1.0,0,1.0,0
0,0,0.0,4,1.0,0,1.0,0
0,0,0.6285714285714286,4,1.0,0,1.0,0
1,0,0.8,1,1.0,1,1.0,0
1,0,0.1111111111111111,3,1.0,0,1.0,0
1,0,0.14705882352941177,12,0.25,0,1.0,0
0,0,0.0,2,1.0,1,1.0,0
0,0,0.5625,4,1.0,0,1.0,0
0,0,0.21052631578947367,1,1.0,1,1.0,0
0,0,0.8571428571428571,1,1.0,0,1.0,0
0,0,0.0,1,1.0,0,1.0,0
1,0,0.0,1,1.0,0,1.0,0
1,0,0.125,1,1.0,1,1.0,0
0,0,0.3870967741935484,6,1.0,0,1.0,0
0,0,0.0,2,1.0,0,1.0,0
0,0,0.0,1,1.0,1,1.0,0
0,0,1.0,1,1.0,1,1.0,0
0,0,0.0,3,1.0,0,1.0,0
0,0,0.125,1,1.0,0,1.0,0
0,0,0.0,4,0.25,4,0.25,0
0,0,0.0,1,1.0,0,1.0,0
0,0,0.0,6,1.0,0,1.0,0
1,0,0.8571428571428571,1,1.0,1,1.0,0
0,0,0.4358974358974359,4,0.25,4,0.25,0
0,0,0.0,1,1.0,1,1.0,0
1,0,0.0,2,1.0,0,1.0,0
1,0,0.6666666666666666,2,1.0,1,1.0,0
0,0,0.0,2,1.0,0,1.0,0
1,0,0.2,1,1.0,0,1.0,0
1,0,0.36363636363636365,3,1.0,0,1.0,0
0,0,0.0,2,1.0,0,1.0,0
0,0,0.0,4,1.0,0,1.0,0
0,0,0.08695652173913043,3,1.0,0,1.0,0
1,0,0.3055555555555556,12,0.9166666666666666,1,1.0,0
1,0,0.0,2,1.0,0,1.0,0
1,0,0.4444444444444444,3,1.0,0,1.0,0
0,0,0.2222222222222222,4,1.0,0,1.0,0
0,0,0.0,1,1.0,1,1.0,0
1,0,0.0,2,1.0,0,1.0,0
1,0,0.0,1,1.0,0,1.0,0
0,0,0.0,1,1.0,1,1.0,0
0,0,0.0,1,1.0,1,1.0,0
0,0,0.5217391304347826,2,1.0,0,1.0,0
0,0,0.16,3,1.0,0,1.0,0
1,0,0.2857142857142857,2,1.0,1,1.0,0
0,0,0.2608695652173913,1,1.0,1,1.0,0
1,0,0.14814814814814814,3,1.0,0,1.0,0
1,0,0.38235294117647056,12,0.25,0,1.0,0
0,0,0.0,3,1.0,0,1.0,0
0,0,0.0,1,1.0,0,1.0,0
1,0,0.0,1,1.0,0,1.0,0
0,0,0.4470588235294118,8,1.0,0,1.0,0
0,0,0.0,2,1.0,2,1.0,0
1,0,0.47368421052631576,3,0.3333333333333333,3,0.3333333333333333,0
0,0,0.0,1,1.0,0,1.0,0
1,0,0.34965034965034963,11,1.0,0,1.0,0
0,0,0.8421052631578947,3,1.0,0,1.0,0
0,0,0.0,1,1.0,0,1.0,0
1,0,0.0,2,1.0,0,1.0,0
0,0,0.0,1,1.0,0,1.0,0
0,1,0.0,1,1.0,0,1.0,0
1,0,0.0,1,1.0,0,1.0,0
1,0,0.0,1,1.0,0,1.0,0
1,0,0.0,1,1.0,1,1.0,0
0,0,0.5714285714285714,2,1.0,0,1.0,0
0,0,0.36363636363636365,1,1.0,0,1.0,0
1,0,0.0,1,1.0,1,1.0,0
0,0,0.0,1,1.0,0,1.0,0
0,0,0.0,1,1.0,0,1.0,0
0,0,0.10810810810810811,6,1.0,0,1.0,0
0,0,0.0,1,1.0,0,1.0,0
0,0,0.1111111111111111,1,1.0,1,1.0,0
0,0,0.0,1,1.0,0,1.0,0
1,0,0.0,3,0.3333333333333333,3,0.3333333333333333,0
0,0,0.0,1,1.0,0,1.0,0
1,0,0.2857142857142857,4,1.0,0,1.0,0
0,0,0.0,2,1.0,0,1.0,0
1,0,0.2,1,1.0,0,1.0,0
0,0,0.2,3,1.0,0,1.0,0
0,1,0.4,3,1.0,0,1.0,0
0,0,0.13793103448275862,3,1.0,0,1.0,0
0,0,0.0,1,1.0,0,1.0,0
0,0,0.5,1,1.0,0,1.0,0
1,0,0.0,3,1.0,0,1.0,0
0,0,0.0,2,1.0,0,1.0,0
0,0,0.0,3,1.0,0,1.0,0
0,0,0.14814814814814814,3,1.0,0,1.0,0
0,0,0.0,4,0.25,4,0.25,0
0,0,0.0,1,1.0,0,1.0,0
1,0,0.2,1,1.0,0,1.0,0
0,0,0.125,2,1.0,0,1.0,0
1,0,0.0,3,1.0,0,1.0,0
1,0,0.0,1,1.0,0,1.0,0
1,0,0.0,1,1.0,1,1.0,0
1,0,0.1791044776119403,3,1.0,0,1.0,0
0,0,0.0,3,1.0,1,1.0,0
0,0,0.0,3,1.0,0,1.0,0
0,0,0.08633093525179857,1,1.0,0,1.0,0
0,0,0.25,3,1.0,0,1.0,0
0,0,0.0,3,0.3333333333333333,3,0.3333333333333333,0
0,0,0.0,1,1.0,0,1.0,0
0,0,0.0,1,1.0,1,1.0,0
1,0,0.0,1,1.0,0,1.0,0
1,0,0.0,1,1.0,1,1.0,0
0,0,0.0,1,1.0,0,1.0,0
0,1,0.22727272727272727,3,1.0,0,1.0,0
1,0,0.0,1,1.0,1,1.0,0
1,0,0.7058823529411765,3,1.0,0,1.0,0
0,0,0.0,2,1.0,0,1.0,0
0,0,0.1935483870967742,1,1.0,1,1.0,0
0,0,0.0,1,1.0,0,1.0,0
0,0,0.19047619047619047,1,1.0,1,1.0,0
1,0,0.3076923076923077,1,1.0,1,1.0,0
0,0,0.37037037037037035,2,0.5,2,0.5,0
0,0,0.0,1,1.0,1,1.0,0
0,0,0.07407407407407407,5,1.0,0,1.0,0
0,0,0.0,1,1.0,1,1.0,0
1,0,0.4444444444444444,3,1.0,0,1.0,0
0,0,0.0,1,1.0,0,1.0,0
0,0,0.0,3,1.0,0,1.0,0
0,0,0.8571428571428571,1,1.0,1,1.0,0
0,0,0.0,1,1.0,1,1.0,0
0,0,0.0,5,1.0,1,1.0,0
1,0,0.8571428571428571,1,1.0,0,1.0,0
0,0,1.0,1,1.0,0,1.0,0
0,0,0.19047619047619047,3,1.0,0,1.0,0
0,0,0.0,1,1.0,0,1.0,0
0,0,0.0,1,1.0,0,1.0,0
0,0,0.0,3,1.0,0,1.0,0
0,0,0.15384615384615385,3,1.0,0,1.0,0
1,0,0.17647058823529413,2,1.0,1,1.0,0
0,0,0.0,1,1.0,0,1.0,0
0,0,0.9302325581395349,4,1.0,0,1.0,0
1,0,0.09523809523809523,3,1.0,0,1.0,0
0,0,0.25,3,0.3333333333333333,3,0.3333333333333333,0
0,0,0.8181818181818182,2,1.0,2,1.0,0
0,0,0.4444444444444444,3,1.0,0,1.0,0
0,0,0.0,1,1.0,0,1.0,0
1,0,0.2857142857142857,1,1.0,1,1.0,0
0,0,0.0,1,1.0,1,1.0,0
1,0,0.6710526315789473,21,0.14285714285714285,0,1.0,0
0,0,0.1111111111111111,1,1.0,0,1.0,0
0,0,0.06896551724137931,4,1.0,0,1.0,0
1,0,0.08333333333333333,2,1.0,0,1.0,0
0,0,0.8571428571428571,2,1.0,0,1.0,0
1,0,0.46153846153846156,2,1.0,1,1.0,0
0,0,0.782608695652174,2,1.0,1,1.0,0
0,0,0.8181818181818182,2,1.0,1,1.0,0
0,0,0.10526315789473684,3,1.0,0,1.0,0
0,0,0.8333333333333334,1,1.0,0,1.0,0
0,0,0.0,1,1.0,1,1.0,0
0,0,0.0,2,0.5,0,1.0,0
1,0,0.0,1,1.0,0,1.0,0
0,0,0.0,1,1.0,0,1.0,0
1,0,0.0,2,1.0,2,1.0,0
0,0,0.0,1,1.0,0,1.0,0
0,0,0.0,1,1.0,0,1.0,0
0,0,0.07407407407407407,4,1.0,0,1.0,0
1,0,0.0,3,1.0,0,1.0,0
0,0,0.12,16,1.0,0,1.0,0
0,0,0.0,1,1.0,0,1.0,0
0,0,0.0,2,1.0,0,1.0,0
1,0,0.14285714285714285,4,1.0,1,1.0,0
0,0,0.0,3,1.0,0,1.0,0
0,0,0.6875,3,1.0,0,1.0,0
0,0,0.0,2,0.5,2,0.5,0
0,0,0.058823529411764705,3,0.3333333333333333,3,0.3333333333333333,0
0,0,0.0,9,1.0,0,1.0,0
0,1,0.0,1,1.0,0,1.0,0
0,0,0.125,1,1.0,0,1.0,0
0,0,0.0,1,1.0,0,1.0,0
1,0,0.0,3,1.0,0,1.0,0
0,0,0.1509433962264151,6,1.0,0,1.0,0
0,0,0.0,3,1.0,0,1.0,0
0,0,0.10869565217391304,2,1.0,0,1.0,0
1,0,0.0,1,1.0,0,1.0,0
0,0,0.10526315789473684,1,1.0,0,1.0,0
0,0,0.12903225806451613,3,0.3333333333333333,3,0.3333333333333333,0
1,0,0.0,2,1.0,2,1.0,0
1,0,0.2222222222222222,1,1.0,0,1.0,0
0,0,0.0,8,1.0,0,1.0,0
1,0,0.0,1,1.0,1,1.0,0
0,0,0.0,3,1.0,0,1.0,0
0,0,0.0,1,1.0,0,1.0,0
0,0,0.0,1,1.0,0,1.0,0
0,0,0.0,1,1.0,0,1.0,0
0,0,0.0,4,1.0,0,1.0,0
0,0,0.26666666666666666,1,1.0,1,1.0,0
0,0,0.0,1,1.0,0,1.0,0
1,0,0.42105263157894735,1,1.0,1,1.0,0
0,0,0.0,3,1.0,0,1.0,0
0,0,0.0,5,1.0,0,1.0,0
0,0,0.0,1,1.0,0,1.0,0
0,0,0.0,4,1.0,0,1.0,0
0,0,0.2608695652173913,1,1.0,0,1.0,0
0,0,0.0,4,1.0,4,1.0,0
0,0,0.0,4,1.0,1,1.0,0
0,0,0.0,1,1.0,0,1.0,0
0,0,1.0,1,1.0,0,1.0,0
0,0,0.0,1,1.0,0,1.0,0
0,0,0.6610169491525424,8,0.125,8,0.125,0
0,0,0.0,4,1.0,0,1.0,0
0,0,0.0,8,1.0,0,1.0,0
0,0,0.0,1,1.0,1,1.0,0
0,0,0.6923076923076923,1,1.0,1,1.0,0
1,0,0.0,1,1.0,0,1.0,0
0,0,0.32558139534883723,4,1.0,0,1.0,0
1,0,0.13333333333333333,1,1.0,0,1.0,0
1,0,0.0,1,1.0,0,1.0,0
0,0,0.2857142857142857,3,1.0,0,1.0,0
0,0,0.0,1,1.0,0,1.0,0
1,0,0.0,1,1.0,1,1.0,0
1,0,0.0,1,1.0,0,1.0,0
0,0,0.34146341463414637,5,1.0,1,1.0,0
1,0,0.2,2,1.0,0,1.0,0
0,0,0.5454545454545454,3,1.0,0,1.0,0
0,0,0.0,1,1.0,0,1.0,0
0,0,0.0,1,1.0,0,1.0,0
0,0,0.07142857142857142,15,1.0,0,1.0,0
1,0,0.16,11,1.0,1,1.0,0
0,0,0.0,3,0.3333333333333333,3,0.3333333333333333,0
0,0,0.15384615384615385,1,1.0,0,1.0,0
0,0,0.0,1,1.0,0,1.0,0
0,0,0.0,1,1.0,0,1.0,0
0,0,0.04081632653061224,7,1.0,0,1.0,0
1,0,0.10526315789473684,1,1.0,1,1.0,0
0,0,0.05405405405405406,3,1.0,0,1.0,0
0,0,0.0,17,0.9411764705882353,0,1.0,0
1,0,0.14285714285714285,6,1.0,0,1.0,0
0,0,0.0,1,1.0,0,1.0,0
0,0,0.0,1,1.0,0,1.0,0
0,0,0.0,1,1.0,1,1.0,0
0,0,0.08695652173913043,1,1.0,0,1.0,0
0,0,0.8235294117647058,4,1.0,4,1.0,0
0,0,0.047619047619047616,1,1.0,0,1.0,0
1,0,0.2222222222222222,1,1.0,0,1.0,0
0,0,0.0,1,1.0,0,1.0,0
0,0,0.0,2,1.0,1,1.0,0
0,0,0.35714285714285715,3,1.0,0,1.0,0
0,0,0.0,8,1.0,0,1.0,0
0,0,0.0,3,0.3333333333333333,3,0.3333333333333333,0
0,0,0.0,2,1.0,0,1.0,0
0,0,0.56,1,1.0,1,1.0,0
0,0,0.0,1,1.0,0,1.0,0
0,0,0.0,10,1.0,0,1.0,0
0,0,0.0,2,1.0,0,1.0,0
0,0,0.8333333333333334,1,1.0,0,1.0,0
0,0,0.4,5,0.8,0,1.0,0
0,0,0.08695652173913043,2,1.0,1,1.0,0
1,0,0.0,3,0.3333333333333333,3,0.3333333333333333,0
1,0,0.13953488372093023,5,0.8,0,1.0,0
0,0,0.0,1,1.0,0,1.0,0
0,0,0.0,4,1.0,0,1.0,0
0,0,0.0,2,1.0,0,1.0,0
0,0,0.08333333333333333,5,1.0,0,1.0,0
0,0,1.0,7,1.0,0,1.0,0
1,0,0.1,1,1.0,0,1.0,0
0,0,0.0,1,1.0,0,1.0,0
0,0,0.0,5,1.0,0,1.0,0
0,0,0.14285714285714285,1,1.0,0,1.0,0
1,0,0.3357664233576642,12,0.9166666666666666,1,1.0,0
0,0,0.0,8,1.0,0,1.0,0
0,0,0.1694915254237288,4,1.0,0,1.0,0
0,0,0.0,4,1.0,0,1.0,0
0,0,0.47058823529411764,3,1.0,0,1.0,0
0,0,0.46153846153846156,3,1.0,3,1.0,0
1,0,0.26666666666666666,1,1.0,0,1.0,0
0,0,0.08695652173913043,3,1.0,0,1.0,0
1,0,0.0,1,1.0,0,1.0,0
0,0,0.1935483870967742,3,1.0,0,1.0,0
0,0,0.09090909090909091,7,1.0,0,1.0,0
0,0,0.0,5,0.2,5,0.2,0
0,0,0.0,1,1.0,0,1.0,0
1,0,0.17647058823529413,4,1.0,1,1.0,0
1,0,0.14814814814814814,1,1.0,0,1.0,0
0,0,0.1917808219178082,9,0.8888888888888888,0,1.0,0
0,0,0.0,1,1.0,1,1.0,0
0,0,0.2222222222222222,1,1.0,0,1.0,0
0,0,0.0,6,1.0,0,1.0,0
1,0,0.16666666666666666,2,1.0,0,1.0,0
1,0,0.2857142857142857,1,1.0,0,1.0,0
0,0,0.0,5,0.8,5,0.8,0
0,0,0.0,3,1.0,0,1.0,0
0,0,0.0,1,1.0,0,1.0,0
0,0,0.0,5,1.0,0,1.0,0
0,0,0.1276595744680851,4,1.0,0,1.0,0
0,0,0.0,2,1.0,0,1.0,0
0,0,0.17777777777777778,5,1.0,0,1.0,0
0,0,0.0,6,1.0,1,1.0,0
0,0,0.0,1,1.0,0,1.0,0
0,0,0.0,3,1.0,0,1.0,0
1,0,0.34285714285714286,11,0.9090909090909091,0,1.0,0
0,0,0.16666666666666666,2,0.5,2,0.5,0
0,0,0.2222222222222222,1,1.0,1,1.0,0
0,0,0.0,1,1.0,0,1.0,0
0,0,0.0,4,1.0,1,1.0,0
0,0,0.18181818181818182,4,0.75,2,0.5,0
0,0,0.0,6,1.0,0,1.0,0
0,0,0.96,5,1.0,0,1.0,0
1,0,0.06896551724137931,4,1.0,0,1.0,0
1,0,0.6666666666666666,2,1.0,0,1.0,0
0,0,0.0,1,1.0,1,1.0,0
1,0,0.0,8,1.0,0,1.0,0
0,1,0.0,2,1.0,0,1.0,0
0,0,0.0,9,1.0,0,1.0,0
0,0,0.1568627450980392,3,1.0,0,1.0,0
1,0,0.18181818181818182,2,1.0,0,1.0,0
0,0,0.0,2,1.0,0,1.0,0
0,0,0.1935483870967742,4,1.0,1,1.0,0
0,0,0.0,5,1.0,0,1.0,0
0,0,0.0,1,1.0,0,1.0,0
0,0,0.0,1,1.0,0,1.0,0
1,0,0.3841059602649007,12,1.0,0,1.0,0
0,0,0.0,3,1.0,0,1.0,0
1,0,0.125,11,1.0,0,1.0,0
0,0,0.4864864864864865,4,1.0,0,1.0,0
0,0,0.0,4,1.0,0,1.0,0
0,0,0.25,1,1.0,0,1.0,0
0,0,0.2692307692307692,6,1.0,0,1.0,0
0,0,0.0,2,1.0,0,1.0,0
0,0,0.06451612903225806,2,1.0,1,1.0,0
1,0,0.0,3,1.0,0,1.0,0
0,0,0.0,1,1.0,0,1.0,0
1,0,0.0,1,1.0,0,1.0,0
0,0,0.8888888888888888,1,1.0,0,1.0,0
1,0,0.2033898305084746,5,1.0,0,1.0,0
0,0,0.0,2,1.0,1,1.0,0
0,0,0.0,7,1.0,0,1.0,0
1,0,0.0,2,1.0,0,1.0,0
0,0,0.0,1,1.0,1,1.0,0
1,0,0.0,1,1.0,0,1.0,0
0,0,0.0,1,1.0,0,1.0,0
0,0,0.17142857142857143,2,1.0,0,1.0,0
1,0,0.0,1,1.0,0,1.0,0
0,0,0.0,8,0.25,0,1.0,0
0,0,0.0,3,1.0,1,1.0,0
0,0,0.0,1,1.0,0,1.0,0
0,0,0.5,1,1.0,0,1.0,0
1,0,0.05128205128205128,3,1.0,1,1.0,0
0,0,0.0,1,1.0,0,1.0,0
0,0,0.4186046511627907,5,1.0,0,1.0,0
1,0,0.21428571428571427,2,1.0,0,1.0,0
0,0,0.24242424242424243,2,1.0,1,1.0,0
0,0,0.0,1,1.0,0,1.0,0
0,0,0.13333333333333333,1,1.0,0,1.0,0
1,0,0.14285714285714285,1,1.0,0,1.0,0
0,0,0.0,3,1.0,0,1.0,0
0,0,0.0,1,1.0,1,1.0,0
0,0,0.0,1,1.0,0,1.0,0
0,0,0.2,1,1.0,0,1.0,0
0,0,0.0,1,1.0,0,1.0,0
0,0,0.0,1,1.0,1,1.0,0
1,0,0.0,1,1.0,1,1.0,0
0,0,0.0,1,1.0,1,1.0,0
0,0,0.0,1,1.0,1,1.0,0
1,0,0.2857142857142857,1,1.0,0,1.0,0
0,0,0.0,2,1.0,1,1.0,0
0,0,0.0,3,1.0,0,1.0,0
0,0,0.4,2,1.0,0,1.0,0
0,0,0.0,1,1.0,1,1.0,0
1,0,0.5714285714285714,2,1.0,0,1.0,0
0,0,0.0,4,1.0,0,1.0,0
0,0,0.1935483870967742,2,1.0,0,1.0,0
0,0,0.0,1,1.0,1,1.0,0
1,0,0.0,5,1.0,0,1.0,0
0,0,0.5,1,1.0,1,1.0,0
0,0,0.5165562913907285,10,0.2,0,1.0,0
0,0,0.0,1,1.0,0,1.0,0
0,0,0.0,3,1.0,0,1.0,0
0,0,0.16666666666666666,1,1.0,1,1.0,0
0,0,0.0,1,1.0,1,1.0,0
1,0,0.0,1,1.0,1,1.0,0
0,0,0.18181818181818182,1,1.0,0,1.0,0
0,0,0.05263157894736842,5,1.0,1,1.0,0
1,0,0.3783783783783784,3,1.0,0,1.0,0
1,0,0.10909090909090909,10,0.7,0,1.0,0
0,0,0.18181818181818182,1,1.0,0,1.0,0
0,0,0.0,1,1.0,0,1.0,0
0,0,0.0,1,1.0,0,1.0,0
1,0,0.18705035971223022,11,1.0,0,1.0,0
0,0,0.6111111111111112,3,1.0,1,1.0,0
0,0,0.2777777777777778,1,1.0,0,1.0,0
0,0,0.16,2,1.0,0,1.0,0
1,0,0.2,1,1.0,0,1.0,0
0,0,0.2857142857142857,1,1.0,0,1.0,0
0,0,0.0,2,0.5,0,1.0,0
0,0,0.2222222222222222,1,1.0,0,1.0,0
0,0,0.0,1,1.0,1,1.0,0
0,0,1.0,1,1.0,0,1.0,0
0,0,0.5925925925925926,2,1.0,0,1.0,0
0,0,0.3333333333333333,1,1.0,0,1.0,0
1,0,0.1111111111111111,1,1.0,0,1.0,0
0,0,0.15384615384615385,1,1.0,0,1.0,0
0,0,0.0,8,0.875,0,1.0,0
1,0,0.22641509433962265,3,1.0,1,1.0,0
0,0,0.13333333333333333,1,1.0,0,1.0,0
1,0,0.2978723404255319,5,1.0,0,1.0,0
1,0,0.0,1,1.0,0,1.0,0
0,0,0.0,1,1.0,0,1.0,0
1,0,0.3624161073825503,12,1.0,0,1.0,0
0,0,0.875,1,1.0,0,1.0,0
1,0,0.15,1,1.0,0,1.0,0
0,0,0.14285714285714285,1,1.0,0,1.0,0
0,0,0.0,1,1.0,0,1.0,0
0,0,0.2857142857142857,1,1.0,0,1.0,0
1,0,0.46153846153846156,1,1.0,0,1.0,0
1,0,0.14285714285714285,1,1.0,0,1.0,0
0,0,0.16666666666666666,2,1.0,0,1.0,0
1,0,0.0,8,0.625,0,1.0,0
0,0,0.0,1,1.0,0,1.0,0
0,0,1.0,1,1.0,0,1.0,0
0,0,0.0,1,1.0,0,1.0,0
1,0,0.0,1,1.0,0,1.0,0
1,1,0.0,1,1.0,0,1.0,0
0,0,0.0,1,1.0,0,1.0,0
0,0,0.3333333333333333,1,1.0,0,1.0,0
1,0,0.0,1,1.0,0,1.0,0
1,0,0.0,1,1.0,0,1.0,0
1,0,0.0,1,1.0,0,1.0,0
1,0,0.0,1,1.0,0,1.0,0
0,0,0.0,1,1.0,0,1.0,0
0,0,0.0,1,1.0,0,1.0,0
0,0,0.0,1,1.0,0,1.0,0
1,0,0.0,1,1.0,0,1.0,0
0,0,0.0,1,1.0,0,1.0,0
0,0,0.0,1,1.0,0,1.0,0
1,0,0.0,2,1.0,0,1.0,0
1,0,0.0,1,1.0,0,1.0,0
0,0,0.0,1,1.0,0,1.0,0
0,0,0.0,1,1.0,0,1.0,0
0,0,0.0,1,1.0,0,1.0,0
0,0,0.0,1,1.0,0,1.0,0
0,0,0.0,1,1.0,0,1.0,0
0,0,0.0,2,1.0,0,1.0,0
1,0,0.0,1,1.0,0,1.0,0
0,0,0.0,1,1.0,0,1.0,0
0,0,0.0,1,1.0,0,1.0,0
0,0,0.0,12,1.0,0,1.0,0
0,0,0.08333333333333333,1,1.0,0,1.0,0
1,0,0.0,1,1.0,0,1.0,0
0,0,0.0,1,1.0,0,1.0,0
0,0,0.0,1,1.0,0,1.0,0
0,0,0.5,1,1.0,0,1.0,0
0,0,0.0,1,1.0,0,1.0,0
0,0,0.0,1,1.0,0,1.0,0
0,0,0.0,1,1.0,0,1.0,0
1,0,0.09523809523809523,1,1.0,0,1.0,0
1,0,0.0,1,1.0,0,1.0,0
0,0,0.0,2,1.0,0,1.0,0
1,0,0.6153846153846154,1,1.0,1,1.0,0
1,0,0.0,1,1.0,1,1.0,0
0,0,0.0,1,1.0,0,1.0,0
1,0,0.0,1,1.0,0,1.0,0
0,0,0.0,1,1.0,0,1.0,0
0,0,0.08333333333333333,1,1.0,0,1.0,0
0,0,1.0,1,1.0,0,1.0,0
0,0,0.0,1,1.0,0,1.0,0
0,0,0.0,1,1.0,0,1.0,0
0,0,0.0,2,1.0,0,1.0,0
0,0,0.0,1,1.0,0,1.0,0
1,0,0.16216216216216217,9,1.0,1,1.0,0
0,0,0.17391304347826086,2,1.0,0,1.0,0
0,0,0.0,2,1.0,0,1.0,0
0,0,0.0,1,1.0,0,1.0,0
0,0,0.26666666666666666,2,1.0,0,1.0,0
0,0,0.13333333333333333,1,1.0,0,1.0,0
0,0,0.0,1,1.0,0,1.0,0
0,0,0.0,5,1.0,0,1.0,0
0,0,0.0,1,1.0,0,1.0,0
0,0,0.0,2,1.0,0,1.0,0
0,0,0.21052631578947367,2,1.0,0,1.0,0
0,0,1.0,1,1.0,1,1.0,0
1,0,0.0,1,1.0,0,1.0,0
1,0,0.5,2,1.0,0,1.0,0
0,0,0.0,1,1.0,0,1.0,0
0,0,0.0,1,1.0,0,1.0,0
1,0,0.24390243902439024,1,1.0,0,1.0,0
0,0,0.2222222222222222,1,1.0,0,1.0,0
0,0,0.0,1,1.0,0,1.0,0
0,0,0.4,2,1.0,0,1.0,0
0,0,0.0,1,1.0,0,1.0,0
0,0,0.0,1,1.0,0,1.0,0
0,0,0.12121212121212122,3,1.0,1,1.0,0
0,0,0.0,1,1.0,0,1.0,0
0,0,0.23529411764705882,1,1.0,0,1.0,0
1,0,0.0,1,1.0,0,1.0,0
0,0,0.75,1,1.0,0,1.0,0
0,0,0.0,1,1.0,1,1.0,0
1,0,0.3333333333333333,3,1.0,0,1.0,0
1,0,0.21739130434782608,4,0.25,4,0.25,0
1,0,0.5714285714285714,1,1.0,1,1.0,0
1,0,0.06896551724137931,3,0.3333333333333333,3,0.3333333333333333,0
0,0,0.0,1,1.0,0,1.0,0
0,0,0.5,1,1.0,0,1.0,0
0,0,0.07692307692307693,4,1.0,4,1.0,0
0,0,0.16666666666666666,2,1.0,0,1.0,0
0,0,0.0,1,1.0,0,1.0,0
1,0,0.17647058823529413,2,1.0,1,1.0,0
0,0,1.0,1,1.0,0,1.0,0
0,0,0.9333333333333333,1,1.0,0,1.0,0
0,0,0.13953488372093023,3,1.0,0,1.0,0
0,0,0.0,6,1.0,0,1.0,0
0,0,0.2222222222222222,2,1.0,0,1.0,0
1,0,0.25,2,1.0,0,1.0,0
0,0,0.3076923076923077,5,1.0,0,1.0,0
0,0,0.1568627450980392,3,1.0,3,1.0,0
0,0,0.0,1,1.0,0,1.0,0
0,0,0.14285714285714285,2,1.0,1,1.0,0
1,0,0.7037037037037037,24,0.125,0,1.0,0
0,0,0.2222222222222222,2,1.0,0,1.0,0
0,0,0.14814814814814814,6,0.8333333333333334,0,1.0,0
1,0,0.2,1,1.0,0,1.0,0
1,0,0.2,1,1.0,1,1.0,0
0,0,0.24561403508771928,8,1.0,0,1.0,0
0,0,0.0,1,1.0,0,1.0,0
1,0,0.3252032520325203,11,1.0,0,1.0,0
0,0,0.14285714285714285,2,1.0,0,1.0,0
0,0,0.6060606060606061,3,1.0,0,1.0,0
0,0,0.2222222222222222,1,1.0,0,1.0,0
1,0,0.0,8,0.875,0,1.0,0
0,0,0.0,2,1.0,0,1.0,0
1,0,1.0,1,1.0,0,1.0,0
0,0,0.2127659574468085,3,1.0,0,1.0,0
0,0,0.0,1,1.0,0,1.0,0
0,0,0.0,1,1.0,0,1.0,0
0,0,0.26666666666666666,12,0.16666666666666666,0,1.0,0
0,0,0.0,1,1.0,0,1.0,0
0,0,0.16,1,1.0,0,1.0,0
0,0,0.08888888888888889,2,1.0,0,1.0,0
0,0,0.0,1,1.0,0,1.0,0
0,0,0.0,4,1.0,0,1.0,0
0,0,0.0,6,1.0,0,1.0,0
0,0,0.16,4,1.0,0,1.0,0
1,0,0.0,5,0.8,0,1.0,0
1,0,0.0,1,1.0,0,1.0,0
0,0,0.0,3,1.0,0,1.0,0
1,0,0.07692307692307693,3,1.0,0,1.0,0
1,0,0.0,1,1.0,0,1.0,0
1,0,0.08333333333333333,1,1.0,0,1.0,0
1,0,0.21052631578947367,2,1.0,0,1.0,0
0,0,0.0975609756097561,10,0.9,0,1.0,0
1,0,0.34146341463414637,9,1.0,1,1.0,0
0,0,0.0,3,1.0,0,1.0,0
0,0,0.38095238095238093,3,1.0,0,1.0,0
0,0,0.0,1,1.0,0,1.0,0
1,0,0.13333333333333333,1,1.0,1,1.0,0
0,0,0.9,1,1.0,0,1.0,0
0,0,0.0,1,1.0,1,1.0,0
1,0,0.23529411764705882,12,1.0,0,1.0,0
1,0,0.06451612903225806,4,1.0,0,1.0,0
1,0,0.07692307692307693,4,0.75,3,0.6666666666666666,0
0,0,0.23529411764705882,1,1.0,1,1.0,0
0,0,0.0,1,1.0,0,1.0,0
0,0,0.0,1,1.0,0,1.0,0
0,0,0.0,1,1.0,0,1.0,0
0,0,0.0,1,1.0,0,1.0,0
1,0,0.4,1,1.0,0,1.0,0
1,0,0.10810810810810811,2,1.0,0,1.0,0
0,0,0.06666666666666667,1,1.0,0,1.0,0
0,0,0.45,1,1.0,0,1.0,0
0,0,0.0,1,1.0,1,1.0,0
0,0,0.0,1,1.0,0,1.0,0
0,0,0.0,13,1.0,1,1.0,0
0,0,0.0,3,1.0,1,1.0,0
0,0,0.0,2,1.0,0,1.0,0
1,0,0.0,1,1.0,0,1.0,0
1,0,0.16216216216216217,2,1.0,0,1.0,0
0,0,0.6,2,0.5,2,0.5,0
1,0,0.6153846153846154,2,0.5,0,1.0,0
0,0,0.0,1,1.0,0,1.0,0
1,0,0.0,1,1.0,1,1.0,0
1,0,0.0,2,1.0,0,1.0,0
0,0,0.20689655172413793,1,1.0,1,1.0,0
1,0,0.15384615384615385,3,0.3333333333333333,3,0.3333333333333333,0
0,0,0.08333333333333333,3,1.0,0,1.0,0
0,0,0.0,12,0.16666666666666666,0,1.0,0
0,0,0.9,1,1.0,0,1.0,0
1,0,0.0,1,1.0,0,1.0,0
0,0,0.2222222222222222,3,1.0,0,1.0,0
1,0,0.36363636363636365,1,1.0,0,1.0,0
1,0,0.22535211267605634,7,1.0,0,1.0,0
0,0,1.0,1,1.0,0,1.0,0
1,0,0.15384615384615385,5,0.2,5,0.2,0
0,0,0.07017543859649122,1,1.0,0,1.0,0
0,0,0.07017543859649122,1,1.0,0,1.0,1
0,0,0.07017543859649122,1,1.0,0,1.0,1
1,0,1.0,1,1.0,0,1.0,0
1,0,0.2096069868995633,26,0.9615384615384616,0,1.0,0
0,0,0.0,1,1.0,0,1.0,0
0,0,0.6666666666666666,4,0.75,0,1.0,0
0,0,0.0,1,1.0,0,1.0,0
1,0,0.12121212121212122,2,1.0,0,1.0,0
1,0,0.2,1,1.0,0,1.0,0
1,0,0.0,11,1.0,0,1.0,0
0,0,0.0,3,0.3333333333333333,3,0.3333333333333333,0
0,0,0.0,1,1.0,1,1.0,0
0,0,0.0,2,0.5,0,1.0,0
0,0,0.09090909090909091,1,1.0,0,1.0,0
0,0,0.0,1,1.0,0,1.0,0
0,0,0.0,2,1.0,0,1.0,0
1,0,0.0,1,1.0,1,1.0,0
0,0,0.11764705882352941,2,1.0,0,1.0,0
0,0,0.0,5,1.0,0,1.0,0
0,0,0.0,2,1.0,0,1.0,0
1,0,0.125,1,1.0,0,1.0,0
1,0,0.18604651162790697,4,1.0,0,1.0,0
1,0,0.0,1,1.0,0,1.0,0
1,0,0.09523809523809523,2,1.0,0,1.0,0
0,0,0.0,1,1.0,0,1.0,0
0,0,0.0,1,1.0,0,1.0,0
0,0,0.0,8,0.875,1,1.0,0
1,0,0.27906976744186046,11,1.0,0,1.0,0
0,0,0.1111111111111111,3,1.0,1,1.0,0
0,0,0.9444444444444444,6,1.0,0,1.0,0
0,0,0.0,1,1.0,1,1.0,0
0,0,0.2,3,1.0,0,1.0,0
1,0,0.23809523809523808,3,1.0,0,1.0,0
1,0,0.5714285714285714,2,1.0,0,1.0,0
1,0,0.23529411764705882,3,0.3333333333333333,3,0.3333333333333333,0
0,0,0.0,5,1.0,0,1.0,0
0,0,0.20689655172413793,3,1.0,1,1.0,0
0,0,0.19672131147540983,6,1.0,0,1.0,0
0,0,0.0,1,1.0,0,1.0,0
1,0,0.125,3,1.0,0,1.0,0
0,0,0.0,1,1.0,1,1.0,0
1,0,0.2978723404255319,4,0.75,3,0.6666666666666666,0
0,0,1.0,4,1.0,4,1.0,0
0,0,0.0,1,1.0,1,1.0,0
1,0,0.0,14,1.0,0,1.0,0
0,0,0.125,2,1.0,0,1.0,0
0,0,0.0,2,1.0,0,1.0,0
0,0,0.2727272727272727,1,1.0,0,1.0,0
0,0,0.4,4,1.0,0,1.0,0
0,0,0.0,3,1.0,0,1.0,0
0,0,0.0,7,1.0,0,1.0,0
1,0,0.12121212121212122,1,1.0,0,1.0,0
1,0,0.22727272727272727,4,1.0,0,1.0,0
0,0,0.0,3,1.0,0,1.0,0
0,0,0.0,1,1.0,0,1.0,0
0,0,0.88,4,0.75,2,0.5,0
0,0,0.0,5,1.0,0,1.0,0
0,0,0.05263157894736842,6,1.0,0,1.0,0
0,0,0.16666666666666666,2,1.0,0,1.0,0
1,0,0.0,1,1.0,0,1.0,0
0,0,0.0,4,0.25,4,0.25,0
0,0,0.0,1,1.0,0,1.0,0
0,1,0.0,2,1.0,0,1.0,0
0,0,0.0,1,1.0,0,1.0,0
0,0,0.0,1,1.0,0,1.0,0
1,0,0.5769230769230769,3,1.0,2,1.0,0
0,0,0.0,2,1.0,0,1.0,0
0,0,0.13636363636363635,2,0.5,0,1.0,0
0,0,0.0,1,1.0,0,1.0,0
1,0,0.10256410256410256,3,1.0,2,1.0,0
1,0,0.0,1,1.0,0,1.0,0
0,0,0.9459459459459459,6,1.0,0,1.0,0
0,0,1.0,1,1.0,0,1.0,0
0,0,0.0,1,1.0,0,1.0,0
1,0,0.38571428571428573,12,1.0,0,1.0,0
0,0,0.0,2,1.0,0,1.0,0
0,0,0.05714285714285714,2,1.0,0,1.0,0
1,0,0.09523809523809523,3,1.0,0,1.0,0
0,0,0.6666666666666666,4,1.0,0,1.0,0
0,0,0.0,2,1.0,0,1.0,0
0,0,0.0,2,1.0,0,1.0,0
0,0,0.0,2,1.0,0,1.0,0
1,0,0.12698412698412698,4,1.0,0,1.0,0
1,0,0.0,4,0.75,0,1.0,0
0,0,0.0,1,1.0,0,1.0,0
0,0,0.08928571428571429,1,1.0,0,1.0,0
0,0,0.02666666666666667,2,1.0,0,1.0,0
1,0,0.26666666666666666,1,1.0,0,1.0,0
1,0,0.0625,3,1.0,2,1.0,0
0,0,0.0,1,1.0,0,1.0,0
0,0,0.0,1,1.0,0,1.0,0
0,0,0.0,2,1.0,0,1.0,0
1,1,0.0,2,1.0,0,1.0,0
1,0,0.0,1,1.0,0,1.0,0
1,0,0.0,1,1.0,0,1.0,0
1,0,0.4084507042253521,11,1.0,0,1.0,0
1,0,0.0,1,1.0,1,1.0,0
0,0,0.0,2,1.0,0,1.0,0
0,0,0.0,1,1.0,0,1.0,0
0,0,0.0,3,1.0,1,1.0,0
0,0,0.0,1,1.0,0,1.0,0
0,0,0.20689655172413793,3,1.0,0,1.0,0
0,0,0.2926829268292683,3,1.0,1,1.0,0
0,0,0.0,1,1.0,0,1.0,0
1,1,0.0,5,1.0,0,1.0,0
1,0,0.05825242718446602,18,1.0,1,1.0,0
0,0,0.08888888888888889,4,0.75,0,1.0,0
0,0,0.0,1,1.0,0,1.0,0
1,0,0.07142857142857142,1,1.0,0,1.0,0
0,0,0.0,1,1.0,0,1.0,0
0,0,0.2,3,1.0,0,1.0,0
0,0,0.8333333333333334,1,1.0,1,1.0,0
0,0,0.0,3,1.0,0,1.0,0
1,0,0.06060606060606061,1,1.0,0,1.0,0
0,0,1.0,1,1.0,0,1.0,0
0,0,0.0,1,1.0,1,1.0,0
0,0,0.9411764705882353,4,1.0,0,1.0,0
1,0,0.3181818181818182,9,1.0,1,1.0,0
0,0,0.8571428571428571,1,1.0,1,1.0,0
1,0,0.0,1,1.0,0,1.0,0
1,0,0.31343283582089554,11,1.0,0,1.0,0
0,0,0.0,1,1.0,1,1.0,0
1,0,0.0,3,1.0,0,1.0,0
0,0,0.0,1,1.0,0,1.0,0
0,0,0.0,1,1.0,1,1.0,0
1,0,0.40789473684210525,12,1.0,0,1.0,0
0,0,0.0,1,1.0,0,1.0,0
0,0,0.0,7,0.8571428571428571,0,1.0,0
0,0,0.0223463687150838,28,0.14285714285714285,7,0.14285714285714285,0
0,0,1.0,1,1.0,1,1.0,0
0,0,0.2823529411764706,7,1.0,0,1.0,0
0,0,0.0,1,1.0,0,1.0,0
0,0,0.0,1,1.0,0,1.0,0
0,0,0.0,4,1.0,0,1.0,0
0,0,0.9230769230769231,3,1.0,1,1.0,0
0,0,0.37209302325581395,5,1.0,0,1.0,0
